"No.","Time","Source","Source Port","Destination","Destination Port","Protocol","Length","Info"
"1","2020-06-06 13:36:39,925532","fe80::a179:b3ff:199:2314","52918","ff02::1:3","llmnr","LLMNR","86","Standard query 0x92f6 A isatap"
"2","2020-06-06 13:36:39,925636","192.168.100.121","65275","224.0.0.252","llmnr","LLMNR","66","Standard query 0x92f6 A isatap"
"3","2020-06-06 13:36:39,927074","52:54:00:4a:04:af","","Broadcast","","ARP","42","Who has 192.168.100.2? Tell 192.168.100.121"
"4","2020-06-06 13:36:39,927134","52:54:00:36:3e:ff","","52:54:00:4a:04:af","","ARP","42","192.168.100.2 is at 52:54:00:36:3e:ff"
"5","2020-06-06 13:36:39,972829","52:54:00:36:3e:ff","","52:54:00:4a:04:af","","ARP","42","Who has 192.168.100.121? Tell 192.168.100.2"
"6","2020-06-06 13:36:39,972931","52:54:00:4a:04:af","","52:54:00:36:3e:ff","","ARP","42","192.168.100.121 is at 52:54:00:4a:04:af"
"7","2020-06-06 13:36:40,034383","fe80::a179:b3ff:199:2314","52918","ff02::1:3","llmnr","LLMNR","86","Standard query 0x92f6 A isatap"
"8","2020-06-06 13:36:40,034437","192.168.100.121","65275","224.0.0.252","llmnr","LLMNR","66","Standard query 0x92f6 A isatap"
"9","2020-06-06 13:36:40,128128","192.168.100.121","netbios-ns","192.168.100.255","netbios-ns","NBNS","110","Registration NB WORKGROUP<1e>"
"10","2020-06-06 13:36:40,237632","192.168.100.121","netbios-ns","192.168.100.255","netbios-ns","NBNS","92","Name query NB ISATAP<00>"
"11","2020-06-06 13:36:40,552536","fe:54:00:b9:4c:39","","Spanning-tree-(for-bridges)_00","","STP","52","Conf. TC + Root = 32768/0/52:54:00:2f:9e:49  Cost = 0  Port = 0x8003"
"12","2020-06-06 13:36:40,878599","192.168.100.121","netbios-dgm","192.168.100.255","netbios-dgm","BROWSER","220","Request Announcement USER-PC"
"13","2020-06-06 13:36:40,908206","192.168.100.121","netbios-dgm","192.168.100.255","netbios-dgm","BROWSER","243","Host Announcement USER-PC, Workstation, Server, NT Workstation, Potential Browser"
"14","2020-06-06 13:36:40,987575","192.168.100.121","netbios-ns","192.168.100.255","netbios-ns","NBNS","92","Name query NB ISATAP<00>"
"15","2020-06-06 13:36:41,737914","192.168.100.121","netbios-ns","192.168.100.255","netbios-ns","NBNS","92","Name query NB ISATAP<00>"
"16","2020-06-06 13:36:42,378118","192.168.100.121","netbios-dgm","192.168.100.255","netbios-dgm","BROWSER","220","Request Announcement USER-PC"
"17","2020-06-06 13:36:42,490880","fe80::a179:b3ff:199:2314","53200","ff02::1:3","llmnr","LLMNR","86","Standard query 0x5237 A isatap"
"18","2020-06-06 13:36:42,491619","192.168.100.121","60594","224.0.0.252","llmnr","LLMNR","66","Standard query 0x5237 A isatap"
"19","2020-06-06 13:36:42,572545","fe:54:00:b9:4c:39","","Spanning-tree-(for-bridges)_00","","STP","52","Conf. TC + Root = 32768/0/52:54:00:2f:9e:49  Cost = 0  Port = 0x8003"
"20","2020-06-06 13:36:42,597258","fe80::a179:b3ff:199:2314","53200","ff02::1:3","llmnr","LLMNR","86","Standard query 0x5237 A isatap"
"21","2020-06-06 13:36:42,597470","192.168.100.121","60594","224.0.0.252","llmnr","LLMNR","66","Standard query 0x5237 A isatap"
"22","2020-06-06 13:36:42,801139","192.168.100.121","netbios-ns","192.168.100.255","netbios-ns","NBNS","92","Name query NB ISATAP<00>"
"23","2020-06-06 13:36:43,550070","192.168.100.121","netbios-ns","192.168.100.255","netbios-ns","NBNS","92","Name query NB ISATAP<00>"
"24","2020-06-06 13:36:43,878106","192.168.100.121","netbios-dgm","192.168.100.255","netbios-dgm","BROWSER","220","Request Announcement USER-PC"
"25","2020-06-06 13:36:44,299962","192.168.100.121","netbios-ns","192.168.100.255","netbios-ns","NBNS","92","Name query NB ISATAP<00>"
"26","2020-06-06 13:36:44,556532","fe:54:00:b9:4c:39","","Spanning-tree-(for-bridges)_00","","STP","52","Conf. TC + Root = 32768/0/52:54:00:2f:9e:49  Cost = 0  Port = 0x8003"
"27","2020-06-06 13:36:45,056700","fe80::a179:b3ff:199:2314","64359","ff02::1:3","llmnr","LLMNR","86","Standard query 0x1c4e A isatap"
"28","2020-06-06 13:36:45,056832","192.168.100.121","63405","224.0.0.252","llmnr","LLMNR","66","Standard query 0x1c4e A isatap"
"29","2020-06-06 13:36:45,159366","fe80::a179:b3ff:199:2314","64359","ff02::1:3","llmnr","LLMNR","86","Standard query 0x1c4e A isatap"
"30","2020-06-06 13:36:45,159413","192.168.100.121","63405","224.0.0.252","llmnr","LLMNR","66","Standard query 0x1c4e A isatap"
"31","2020-06-06 13:36:45,362934","192.168.100.121","netbios-ns","192.168.100.255","netbios-ns","NBNS","92","Name query NB ISATAP<00>"
"32","2020-06-06 13:36:45,378120","192.168.100.121","netbios-dgm","192.168.100.255","netbios-dgm","BROWSER","220","Request Announcement USER-PC"
"33","2020-06-06 13:36:46,113314","192.168.100.121","netbios-ns","192.168.100.255","netbios-ns","NBNS","92","Name query NB ISATAP<00>"
"34","2020-06-06 13:36:46,572545","fe:54:00:b9:4c:39","","Spanning-tree-(for-bridges)_00","","STP","52","Conf. TC + Root = 32768/0/52:54:00:2f:9e:49  Cost = 0  Port = 0x8003"
"35","2020-06-06 13:36:46,863142","192.168.100.121","netbios-ns","192.168.100.255","netbios-ns","NBNS","92","Name query NB ISATAP<00>"
"36","2020-06-06 13:36:46,879189","192.168.100.121","netbios-dgm","192.168.100.255","netbios-dgm","BROWSER","232","Browser Election Request"
"37","2020-06-06 13:36:47,003422","fe80::a179:b3ff:199:2314","dhcpv6-client","ff02::1:2","dhcpv6-server","DHCPv6","149","Solicit XID: 0x615da4 CID: 00010001216821485254004aad11 "
"38","2020-06-06 13:36:47,765563","192.168.100.121","63406","8.8.8.8","domain","DNS","80","Standard query 0x0001 PTR 8.8.8.8.in-addr.arpa"
"39","2020-06-06 13:36:47,785742","8.8.8.8","domain","192.168.100.121","63406","DNS","104","Standard query response 0x0001 PTR 8.8.8.8.in-addr.arpa PTR dns.google"
"40","2020-06-06 13:36:47,786064","192.168.100.121","63407","8.8.8.8","domain","DNS","77","Standard query 0x0002 TXT l.ns.ostrykebs.pl"
"41","2020-06-06 13:36:47,878110","192.168.100.121","netbios-dgm","192.168.100.255","netbios-dgm","BROWSER","232","Browser Election Request"
"42","2020-06-06 13:36:47,904008","8.8.8.8","domain","192.168.100.121","63407","DNS","302","Standard query response 0x0002 TXT l.ns.ostrykebs.pl TXT"
"43","2020-06-06 13:36:48,026165","192.168.100.121","63408","192.168.100.2","domain","DNS","86","Standard query 0x0001 PTR 2.100.168.192.in-addr.arpa"
"44","2020-06-06 13:36:48,031551","192.168.100.2","domain","192.168.100.121","63408","DNS","86","Standard query response 0x0001 No such name PTR 2.100.168.192.in-addr.arpa"
"45","2020-06-06 13:36:48,031831","192.168.100.121","63409","192.168.100.2","domain","DNS","79","Standard query 0x0002 TXT l.1.ns.ostrykebs.pl"
"46","2020-06-06 13:36:48,070239","192.168.100.2","domain","192.168.100.121","63409","DNS","346","Standard query response 0x0002 TXT l.1.ns.ostrykebs.pl TXT"
"47","2020-06-06 13:36:48,192436","192.168.100.121","63410","192.168.100.2","domain","DNS","86","Standard query 0x0001 PTR 2.100.168.192.in-addr.arpa"
"48","2020-06-06 13:36:48,198051","192.168.100.2","domain","192.168.100.121","63410","DNS","86","Standard query response 0x0001 No such name PTR 2.100.168.192.in-addr.arpa"
"49","2020-06-06 13:36:48,198347","192.168.100.121","63411","192.168.100.2","domain","DNS","79","Standard query 0x0002 TXT l.2.ns.ostrykebs.pl"
"50","2020-06-06 13:36:48,235506","192.168.100.2","domain","192.168.100.121","63411","DNS","346","Standard query response 0x0002 TXT l.2.ns.ostrykebs.pl TXT"
"51","2020-06-06 13:36:48,318346","192.168.100.121","63412","192.168.100.2","domain","DNS","86","Standard query 0x0001 PTR 2.100.168.192.in-addr.arpa"
"52","2020-06-06 13:36:48,323581","192.168.100.2","domain","192.168.100.121","63412","DNS","86","Standard query response 0x0001 No such name PTR 2.100.168.192.in-addr.arpa"
"53","2020-06-06 13:36:48,323857","192.168.100.121","63413","192.168.100.2","domain","DNS","79","Standard query 0x0002 TXT l.3.ns.ostrykebs.pl"
"54","2020-06-06 13:36:48,354702","192.168.100.2","domain","192.168.100.121","63413","DNS","346","Standard query response 0x0002 TXT l.3.ns.ostrykebs.pl TXT"
"55","2020-06-06 13:36:48,449465","192.168.100.121","63414","192.168.100.2","domain","DNS","86","Standard query 0x0001 PTR 2.100.168.192.in-addr.arpa"
"56","2020-06-06 13:36:48,455002","192.168.100.2","domain","192.168.100.121","63414","DNS","86","Standard query response 0x0001 No such name PTR 2.100.168.192.in-addr.arpa"
"57","2020-06-06 13:36:48,455243","192.168.100.121","63415","192.168.100.2","domain","DNS","79","Standard query 0x0002 TXT l.4.ns.ostrykebs.pl"
"58","2020-06-06 13:36:48,487040","192.168.100.2","domain","192.168.100.121","63415","DNS","346","Standard query response 0x0002 TXT l.4.ns.ostrykebs.pl TXT"
"59","2020-06-06 13:36:48,556535","fe:54:00:b9:4c:39","","Spanning-tree-(for-bridges)_00","","STP","52","Conf. TC + Root = 32768/0/52:54:00:2f:9e:49  Cost = 0  Port = 0x8003"
"60","2020-06-06 13:36:48,647557","192.168.100.121","63416","192.168.100.2","domain","DNS","86","Standard query 0x0001 PTR 2.100.168.192.in-addr.arpa"
"61","2020-06-06 13:36:48,653215","192.168.100.2","domain","192.168.100.121","63416","DNS","86","Standard query response 0x0001 No such name PTR 2.100.168.192.in-addr.arpa"
"62","2020-06-06 13:36:48,653610","192.168.100.121","63417","192.168.100.2","domain","DNS","79","Standard query 0x0002 TXT l.5.ns.ostrykebs.pl"
"63","2020-06-06 13:36:48,705755","192.168.100.2","domain","192.168.100.121","63417","DNS","346","Standard query response 0x0002 TXT l.5.ns.ostrykebs.pl TXT"
"64","2020-06-06 13:36:48,845143","192.168.100.121","63418","192.168.100.2","domain","DNS","86","Standard query 0x0001 PTR 2.100.168.192.in-addr.arpa"
"65","2020-06-06 13:36:48,850399","192.168.100.2","domain","192.168.100.121","63418","DNS","86","Standard query response 0x0001 No such name PTR 2.100.168.192.in-addr.arpa"
"66","2020-06-06 13:36:48,851342","192.168.100.121","63419","192.168.100.2","domain","DNS","79","Standard query 0x0002 TXT l.6.ns.ostrykebs.pl"
"67","2020-06-06 13:36:48,878074","192.168.100.121","netbios-dgm","192.168.100.255","netbios-dgm","BROWSER","232","Browser Election Request"
"68","2020-06-06 13:36:48,881855","192.168.100.2","domain","192.168.100.121","63419","DNS","346","Standard query response 0x0002 TXT l.6.ns.ostrykebs.pl TXT"
"69","2020-06-06 13:36:49,051150","192.168.100.121","63420","192.168.100.2","domain","DNS","86","Standard query 0x0001 PTR 2.100.168.192.in-addr.arpa"
"70","2020-06-06 13:36:49,056669","192.168.100.2","domain","192.168.100.121","63420","DNS","86","Standard query response 0x0001 No such name PTR 2.100.168.192.in-addr.arpa"
"71","2020-06-06 13:36:49,058612","192.168.100.121","63421","192.168.100.2","domain","DNS","79","Standard query 0x0002 TXT l.7.ns.ostrykebs.pl"
"72","2020-06-06 13:36:49,091229","192.168.100.2","domain","192.168.100.121","63421","DNS","346","Standard query response 0x0002 TXT l.7.ns.ostrykebs.pl TXT"
"73","2020-06-06 13:36:49,220420","192.168.100.121","63422","192.168.100.2","domain","DNS","86","Standard query 0x0001 PTR 2.100.168.192.in-addr.arpa"
"74","2020-06-06 13:36:49,225629","192.168.100.2","domain","192.168.100.121","63422","DNS","86","Standard query response 0x0001 No such name PTR 2.100.168.192.in-addr.arpa"
"75","2020-06-06 13:36:49,226083","192.168.100.121","63423","192.168.100.2","domain","DNS","79","Standard query 0x0002 TXT l.8.ns.ostrykebs.pl"
"76","2020-06-06 13:36:49,289225","192.168.100.2","domain","192.168.100.121","63423","DNS","346","Standard query response 0x0002 TXT l.8.ns.ostrykebs.pl TXT"
"77","2020-06-06 13:36:49,371396","192.168.100.121","63424","192.168.100.2","domain","DNS","86","Standard query 0x0001 PTR 2.100.168.192.in-addr.arpa"
"78","2020-06-06 13:36:49,376951","192.168.100.2","domain","192.168.100.121","63424","DNS","86","Standard query response 0x0001 No such name PTR 2.100.168.192.in-addr.arpa"
"79","2020-06-06 13:36:49,377230","192.168.100.121","63425","192.168.100.2","domain","DNS","79","Standard query 0x0002 TXT l.9.ns.ostrykebs.pl"
"80","2020-06-06 13:36:49,407879","192.168.100.2","domain","192.168.100.121","63425","DNS","346","Standard query response 0x0002 TXT l.9.ns.ostrykebs.pl TXT"
"81","2020-06-06 13:36:49,507863","192.168.100.121","63426","192.168.100.2","domain","DNS","86","Standard query 0x0001 PTR 2.100.168.192.in-addr.arpa"
"82","2020-06-06 13:36:49,513083","192.168.100.2","domain","192.168.100.121","63426","DNS","86","Standard query response 0x0001 No such name PTR 2.100.168.192.in-addr.arpa"
"83","2020-06-06 13:36:49,513354","192.168.100.121","63427","192.168.100.2","domain","DNS","80","Standard query 0x0002 TXT l.10.ns.ostrykebs.pl"
"84","2020-06-06 13:36:49,546511","192.168.100.2","domain","192.168.100.121","63427","DNS","347","Standard query response 0x0002 TXT l.10.ns.ostrykebs.pl TXT"
"85","2020-06-06 13:36:49,643895","192.168.100.121","63428","192.168.100.2","domain","DNS","86","Standard query 0x0001 PTR 2.100.168.192.in-addr.arpa"
"86","2020-06-06 13:36:49,649080","192.168.100.2","domain","192.168.100.121","63428","DNS","86","Standard query response 0x0001 No such name PTR 2.100.168.192.in-addr.arpa"
"87","2020-06-06 13:36:49,649369","192.168.100.121","63429","192.168.100.2","domain","DNS","80","Standard query 0x0002 TXT l.11.ns.ostrykebs.pl"
"88","2020-06-06 13:36:49,682386","192.168.100.2","domain","192.168.100.121","63429","DNS","347","Standard query response 0x0002 TXT l.11.ns.ostrykebs.pl TXT"
"89","2020-06-06 13:36:49,776479","192.168.100.121","63430","192.168.100.2","domain","DNS","86","Standard query 0x0001 PTR 2.100.168.192.in-addr.arpa"
"90","2020-06-06 13:36:49,781740","192.168.100.2","domain","192.168.100.121","63430","DNS","86","Standard query response 0x0001 No such name PTR 2.100.168.192.in-addr.arpa"
"91","2020-06-06 13:36:49,782063","192.168.100.121","63431","192.168.100.2","domain","DNS","80","Standard query 0x0002 TXT l.12.ns.ostrykebs.pl"
"92","2020-06-06 13:36:49,815614","192.168.100.2","domain","192.168.100.121","63431","DNS","347","Standard query response 0x0002 TXT l.12.ns.ostrykebs.pl TXT"
"93","2020-06-06 13:36:49,878098","192.168.100.121","netbios-dgm","192.168.100.255","netbios-dgm","BROWSER","232","Browser Election Request"
"94","2020-06-06 13:36:49,898911","192.168.100.121","63432","192.168.100.2","domain","DNS","86","Standard query 0x0001 PTR 2.100.168.192.in-addr.arpa"
"95","2020-06-06 13:36:49,904405","192.168.100.2","domain","192.168.100.121","63432","DNS","86","Standard query response 0x0001 No such name PTR 2.100.168.192.in-addr.arpa"
"96","2020-06-06 13:36:49,904712","192.168.100.121","63433","192.168.100.2","domain","DNS","80","Standard query 0x0002 TXT l.13.ns.ostrykebs.pl"
"97","2020-06-06 13:36:49,936087","192.168.100.2","domain","192.168.100.121","63433","DNS","347","Standard query response 0x0002 TXT l.13.ns.ostrykebs.pl TXT"
"98","2020-06-06 13:36:50,031871","192.168.100.121","63434","192.168.100.2","domain","DNS","86","Standard query 0x0001 PTR 2.100.168.192.in-addr.arpa"
"99","2020-06-06 13:36:50,037265","192.168.100.2","domain","192.168.100.121","63434","DNS","86","Standard query response 0x0001 No such name PTR 2.100.168.192.in-addr.arpa"
"100","2020-06-06 13:36:50,037530","192.168.100.121","63435","192.168.100.2","domain","DNS","80","Standard query 0x0002 TXT l.14.ns.ostrykebs.pl"
"101","2020-06-06 13:36:50,068071","192.168.100.2","domain","192.168.100.121","63435","DNS","347","Standard query response 0x0002 TXT l.14.ns.ostrykebs.pl TXT"
"102","2020-06-06 13:36:50,171418","192.168.100.121","63436","192.168.100.2","domain","DNS","86","Standard query 0x0001 PTR 2.100.168.192.in-addr.arpa"
"103","2020-06-06 13:36:50,176629","192.168.100.2","domain","192.168.100.121","63436","DNS","86","Standard query response 0x0001 No such name PTR 2.100.168.192.in-addr.arpa"
"104","2020-06-06 13:36:50,177000","192.168.100.121","63437","192.168.100.2","domain","DNS","80","Standard query 0x0002 TXT l.15.ns.ostrykebs.pl"
"105","2020-06-06 13:36:50,207831","192.168.100.2","domain","192.168.100.121","63437","DNS","347","Standard query response 0x0002 TXT l.15.ns.ostrykebs.pl TXT"
"106","2020-06-06 13:36:50,307767","192.168.100.121","63438","192.168.100.2","domain","DNS","86","Standard query 0x0001 PTR 2.100.168.192.in-addr.arpa"
"107","2020-06-06 13:36:50,313111","192.168.100.2","domain","192.168.100.121","63438","DNS","86","Standard query response 0x0001 No such name PTR 2.100.168.192.in-addr.arpa"
"108","2020-06-06 13:36:50,313455","192.168.100.121","63439","192.168.100.2","domain","DNS","80","Standard query 0x0002 TXT l.16.ns.ostrykebs.pl"
"109","2020-06-06 13:36:50,346496","192.168.100.2","domain","192.168.100.121","63439","DNS","303","Standard query response 0x0002 TXT l.16.ns.ostrykebs.pl TXT"
"110","2020-06-06 13:36:50,434604","192.168.100.121","63440","192.168.100.2","domain","DNS","86","Standard query 0x0001 PTR 2.100.168.192.in-addr.arpa"
"111","2020-06-06 13:36:50,439949","192.168.100.2","domain","192.168.100.121","63440","DNS","86","Standard query response 0x0001 No such name PTR 2.100.168.192.in-addr.arpa"
"112","2020-06-06 13:36:50,440267","192.168.100.121","63441","192.168.100.2","domain","DNS","80","Standard query 0x0002 TXT l.17.ns.ostrykebs.pl"
"113","2020-06-06 13:36:50,472090","192.168.100.2","domain","192.168.100.121","63441","DNS","93","Standard query response 0x0002 TXT l.17.ns.ostrykebs.pl TXT"
"114","2020-06-06 13:36:50,568520","fe:54:00:b9:4c:39","","Spanning-tree-(for-bridges)_00","","STP","52","Conf. TC + Root = 32768/0/52:54:00:2f:9e:49  Cost = 0  Port = 0x8003"
"115","2020-06-06 13:36:50,573356","192.168.100.121","63442","192.168.100.2","domain","DNS","86","Standard query 0x0001 PTR 2.100.168.192.in-addr.arpa"
"116","2020-06-06 13:36:50,582654","192.168.100.2","domain","192.168.100.121","63442","DNS","86","Standard query response 0x0001 No such name PTR 2.100.168.192.in-addr.arpa"
"117","2020-06-06 13:36:50,583003","192.168.100.121","63443","192.168.100.2","domain","DNS","87","Standard query 0x0002 TXT c.1-1.24006.ns.ostrykebs.pl"
"118","2020-06-06 13:36:50,878200","192.168.100.121","netbios-ns","192.168.100.255","netbios-ns","NBNS","110","Registration NB WORKGROUP<1d>"
"119","2020-06-06 13:36:51,628727","192.168.100.121","netbios-ns","192.168.100.255","netbios-ns","NBNS","110","Registration NB WORKGROUP<1d>"
"120","2020-06-06 13:36:52,378437","192.168.100.121","netbios-ns","192.168.100.255","netbios-ns","NBNS","110","Registration NB WORKGROUP<1d>"
"121","2020-06-06 13:36:52,552584","fe:54:00:b9:4c:39","","Spanning-tree-(for-bridges)_00","","STP","52","Conf. TC + Root = 32768/0/52:54:00:2f:9e:49  Cost = 0  Port = 0x8003"
"122","2020-06-06 13:36:52,595523","192.168.100.2","domain","192.168.100.121","63443","DNS","87","Standard query response 0x0002 Server failure TXT c.1-1.24006.ns.ostrykebs.pl"
"123","2020-06-06 13:36:52,596010","192.168.100.121","","192.168.100.2","","ICMP","115","Destination unreachable (Port unreachable)"
"124","2020-06-06 13:36:52,793496","192.168.100.121","63444","192.168.100.2","domain","DNS","86","Standard query 0x0001 PTR 2.100.168.192.in-addr.arpa"
"125","2020-06-06 13:36:52,799107","192.168.100.2","domain","192.168.100.121","63444","DNS","86","Standard query response 0x0001 No such name PTR 2.100.168.192.in-addr.arpa"
"126","2020-06-06 13:36:52,799587","192.168.100.121","63445","192.168.100.2","domain","DNS","87","Standard query 0x0002 TXT c.1-1.24006.ns.ostrykebs.pl"
"127","2020-06-06 13:36:53,128299","192.168.100.121","netbios-ns","192.168.100.255","netbios-ns","NBNS","110","Registration NB WORKGROUP<1d>"
"128","2020-06-06 13:36:53,810758","192.168.100.2","domain","192.168.100.121","63445","DNS","87","Standard query response 0x0002 Server failure TXT c.1-1.24006.ns.ostrykebs.pl"
"129","2020-06-06 13:36:53,878249","192.168.100.121","netbios-ns","192.168.100.255","netbios-ns","NBNS","110","Registration NB <01><02>__MSBROWSE__<02><01>"
"130","2020-06-06 13:36:53,937969","192.168.100.121","63446","192.168.100.2","domain","DNS","86","Standard query 0x0001 PTR 2.100.168.192.in-addr.arpa"
"131","2020-06-06 13:36:53,943268","192.168.100.2","domain","192.168.100.121","63446","DNS","86","Standard query response 0x0001 No such name PTR 2.100.168.192.in-addr.arpa"
"132","2020-06-06 13:36:53,943497","192.168.100.121","63447","192.168.100.2","domain","DNS","87","Standard query 0x0002 TXT c.1-1.24006.ns.ostrykebs.pl"
"133","2020-06-06 13:36:54,568582","fe:54:00:b9:4c:39","","Spanning-tree-(for-bridges)_00","","STP","52","Conf. TC + Root = 32768/0/52:54:00:2f:9e:49  Cost = 0  Port = 0x8003"
"134","2020-06-06 13:36:54,630527","192.168.100.121","netbios-ns","192.168.100.255","netbios-ns","NBNS","110","Registration NB <01><02>__MSBROWSE__<02><01>"
"135","2020-06-06 13:36:55,378427","192.168.100.121","netbios-ns","192.168.100.255","netbios-ns","NBNS","110","Registration NB <01><02>__MSBROWSE__<02><01>"
"136","2020-06-06 13:36:55,951981","192.168.100.2","domain","192.168.100.121","63447","DNS","87","Standard query response 0x0002 Server failure TXT c.1-1.24006.ns.ostrykebs.pl"
"137","2020-06-06 13:36:55,952157","192.168.100.121","","192.168.100.2","","ICMP","115","Destination unreachable (Port unreachable)"
"138","2020-06-06 13:36:56,124924","192.168.100.121","63448","192.168.100.2","domain","DNS","86","Standard query 0x0001 PTR 2.100.168.192.in-addr.arpa"
"139","2020-06-06 13:36:56,128183","192.168.100.121","netbios-ns","192.168.100.255","netbios-ns","NBNS","110","Registration NB <01><02>__MSBROWSE__<02><01>"
"140","2020-06-06 13:36:56,130291","192.168.100.2","domain","192.168.100.121","63448","DNS","86","Standard query response 0x0001 No such name PTR 2.100.168.192.in-addr.arpa"
"141","2020-06-06 13:36:56,130706","192.168.100.121","63449","192.168.100.2","domain","DNS","87","Standard query 0x0002 TXT c.1-1.24006.ns.ostrykebs.pl"
"142","2020-06-06 13:36:56,552524","fe:54:00:b9:4c:39","","Spanning-tree-(for-bridges)_00","","STP","52","Conf. TC + Root = 32768/0/52:54:00:2f:9e:49  Cost = 0  Port = 0x8003"
"143","2020-06-06 13:36:56,878291","192.168.100.121","netbios-dgm","192.168.100.255","netbios-dgm","BROWSER","220","Request Announcement USER-PC"
"144","2020-06-06 13:36:56,878375","192.168.100.121","netbios-dgm","192.168.100.255","netbios-dgm","BROWSER","220","Request Announcement USER-PC"
"145","2020-06-06 13:36:56,878757","192.168.100.121","netbios-dgm","192.168.100.255","netbios-dgm","BROWSER","250","Domain/Workgroup Announcement WORKGROUP, NT Workstation, Domain Enum"
"146","2020-06-06 13:36:57,141639","192.168.100.2","domain","192.168.100.121","63449","DNS","87","Standard query response 0x0002 Server failure TXT c.1-1.24006.ns.ostrykebs.pl"
"147","2020-06-06 13:36:57,333051","192.168.100.121","63450","192.168.100.2","domain","DNS","86","Standard query 0x0001 PTR 2.100.168.192.in-addr.arpa"
"148","2020-06-06 13:36:57,338675","192.168.100.2","domain","192.168.100.121","63450","DNS","86","Standard query response 0x0001 No such name PTR 2.100.168.192.in-addr.arpa"
"149","2020-06-06 13:36:57,339087","192.168.100.121","63451","192.168.100.2","domain","DNS","87","Standard query 0x0002 TXT c.1-1.24006.ns.ostrykebs.pl"
"150","2020-06-06 13:36:58,568581","fe:54:00:b9:4c:39","","Spanning-tree-(for-bridges)_00","","STP","52","Conf. Root = 32768/0/52:54:00:2f:9e:49  Cost = 0  Port = 0x8003"
"151","2020-06-06 13:36:59,351170","192.168.100.2","domain","192.168.100.121","63451","DNS","87","Standard query response 0x0002 Server failure TXT c.1-1.24006.ns.ostrykebs.pl"
"152","2020-06-06 13:36:59,351536","192.168.100.121","","192.168.100.2","","ICMP","115","Destination unreachable (Port unreachable)"
"153","2020-06-06 13:36:59,504987","192.168.100.121","63452","192.168.100.2","domain","DNS","86","Standard query 0x0001 PTR 2.100.168.192.in-addr.arpa"
"154","2020-06-06 13:36:59,510269","192.168.100.2","domain","192.168.100.121","63452","DNS","86","Standard query response 0x0001 No such name PTR 2.100.168.192.in-addr.arpa"
"155","2020-06-06 13:36:59,510691","192.168.100.121","63453","192.168.100.2","domain","DNS","87","Standard query 0x0002 TXT c.1-1.24006.ns.ostrykebs.pl"
"156","2020-06-06 13:37:00,518787","192.168.100.2","domain","192.168.100.121","63453","DNS","87","Standard query response 0x0002 Server failure TXT c.1-1.24006.ns.ostrykebs.pl"
"157","2020-06-06 13:37:00,552540","fe:54:00:b9:4c:39","","Spanning-tree-(for-bridges)_00","","STP","52","Conf. Root = 32768/0/52:54:00:2f:9e:49  Cost = 0  Port = 0x8003"
"158","2020-06-06 13:37:00,671040","192.168.100.121","63454","192.168.100.2","domain","DNS","86","Standard query 0x0001 PTR 2.100.168.192.in-addr.arpa"
"159","2020-06-06 13:37:00,676477","192.168.100.2","domain","192.168.100.121","63454","DNS","86","Standard query response 0x0001 No such name PTR 2.100.168.192.in-addr.arpa"
"160","2020-06-06 13:37:00,676758","192.168.100.121","63455","192.168.100.2","domain","DNS","87","Standard query 0x0002 TXT c.1-1.24006.ns.ostrykebs.pl"
"161","2020-06-06 13:37:02,568588","fe:54:00:b9:4c:39","","Spanning-tree-(for-bridges)_00","","STP","52","Conf. Root = 32768/0/52:54:00:2f:9e:49  Cost = 0  Port = 0x8003"
"162","2020-06-06 13:37:02,684650","192.168.100.2","domain","192.168.100.121","63455","DNS","87","Standard query response 0x0002 Server failure TXT c.1-1.24006.ns.ostrykebs.pl"
"163","2020-06-06 13:37:02,685272","192.168.100.121","","192.168.100.2","","ICMP","115","Destination unreachable (Port unreachable)"
"164","2020-06-06 13:37:02,836904","192.168.100.121","63456","192.168.100.2","domain","DNS","86","Standard query 0x0001 PTR 2.100.168.192.in-addr.arpa"
"165","2020-06-06 13:37:02,842445","192.168.100.2","domain","192.168.100.121","63456","DNS","86","Standard query response 0x0001 No such name PTR 2.100.168.192.in-addr.arpa"
"166","2020-06-06 13:37:02,842796","192.168.100.121","63457","192.168.100.2","domain","DNS","87","Standard query 0x0002 TXT c.1-1.24006.ns.ostrykebs.pl"
"167","2020-06-06 13:37:03,003264","fe80::a179:b3ff:199:2314","dhcpv6-client","ff02::1:2","dhcpv6-server","DHCPv6","149","Solicit XID: 0x615da4 CID: 00010001216821485254004aad11 "
"168","2020-06-06 13:37:03,850094","192.168.100.2","domain","192.168.100.121","63457","DNS","87","Standard query response 0x0002 Server failure TXT c.1-1.24006.ns.ostrykebs.pl"
"169","2020-06-06 13:37:04,026621","192.168.100.121","63458","192.168.100.2","domain","DNS","86","Standard query 0x0001 PTR 2.100.168.192.in-addr.arpa"
"170","2020-06-06 13:37:04,031929","192.168.100.2","domain","192.168.100.121","63458","DNS","86","Standard query response 0x0001 No such name PTR 2.100.168.192.in-addr.arpa"
"171","2020-06-06 13:37:04,032222","192.168.100.121","63459","192.168.100.2","domain","DNS","87","Standard query 0x0002 TXT c.1-1.24006.ns.ostrykebs.pl"
"172","2020-06-06 13:37:04,300244","52:54:00:4a:04:af","","52:54:00:36:3e:ff","","ARP","42","Who has 192.168.100.2? Tell 192.168.100.121"
"173","2020-06-06 13:37:04,300534","52:54:00:36:3e:ff","","52:54:00:4a:04:af","","ARP","42","192.168.100.2 is at 52:54:00:36:3e:ff"
"174","2020-06-06 13:37:04,552547","fe:54:00:b9:4c:39","","Spanning-tree-(for-bridges)_00","","STP","52","Conf. Root = 32768/0/52:54:00:2f:9e:49  Cost = 0  Port = 0x8003"
"175","2020-06-06 13:37:06,040974","192.168.100.2","domain","192.168.100.121","63459","DNS","87","Standard query response 0x0002 Server failure TXT c.1-1.24006.ns.ostrykebs.pl"
"176","2020-06-06 13:37:06,042337","192.168.100.121","","192.168.100.2","","ICMP","115","Destination unreachable (Port unreachable)"
"177","2020-06-06 13:37:06,390944","192.168.100.121","63460","192.168.100.2","domain","DNS","86","Standard query 0x0001 PTR 2.100.168.192.in-addr.arpa"
"178","2020-06-06 13:37:06,396962","192.168.100.2","domain","192.168.100.121","63460","DNS","86","Standard query response 0x0001 No such name PTR 2.100.168.192.in-addr.arpa"
"179","2020-06-06 13:37:06,397847","192.168.100.121","63461","192.168.100.2","domain","DNS","87","Standard query 0x0002 TXT c.1-1.24006.ns.ostrykebs.pl"
"180","2020-06-06 13:37:06,568576","fe:54:00:b9:4c:39","","Spanning-tree-(for-bridges)_00","","STP","52","Conf. Root = 32768/0/52:54:00:2f:9e:49  Cost = 0  Port = 0x8003"
"181","2020-06-06 13:37:07,405903","192.168.100.2","domain","192.168.100.121","63461","DNS","87","Standard query response 0x0002 Server failure TXT c.1-1.24006.ns.ostrykebs.pl"
"182","2020-06-06 13:37:07,547441","192.168.100.121","63462","192.168.100.2","domain","DNS","86","Standard query 0x0001 PTR 2.100.168.192.in-addr.arpa"
"183","2020-06-06 13:37:07,553092","192.168.100.2","domain","192.168.100.121","63462","DNS","86","Standard query response 0x0001 No such name PTR 2.100.168.192.in-addr.arpa"
"184","2020-06-06 13:37:07,553340","192.168.100.121","63463","192.168.100.2","domain","DNS","87","Standard query 0x0002 TXT c.1-1.24006.ns.ostrykebs.pl"
"185","2020-06-06 13:37:08,552614","fe:54:00:b9:4c:39","","Spanning-tree-(for-bridges)_00","","STP","52","Conf. Root = 32768/0/52:54:00:2f:9e:49  Cost = 0  Port = 0x8003"
"186","2020-06-06 13:37:08,560075","192.168.100.2","domain","192.168.100.121","63463","DNS","87","Standard query response 0x0002 Server failure TXT c.1-1.24006.ns.ostrykebs.pl"
"187","2020-06-06 13:37:08,753065","192.168.100.121","63464","192.168.100.2","domain","DNS","86","Standard query 0x0001 PTR 2.100.168.192.in-addr.arpa"
"188","2020-06-06 13:37:08,758500","192.168.100.2","domain","192.168.100.121","63464","DNS","86","Standard query response 0x0001 No such name PTR 2.100.168.192.in-addr.arpa"
"189","2020-06-06 13:37:08,759020","192.168.100.121","63465","192.168.100.2","domain","DNS","87","Standard query 0x0002 TXT c.1-1.24006.ns.ostrykebs.pl"
"190","2020-06-06 13:37:10,568568","fe:54:00:b9:4c:39","","Spanning-tree-(for-bridges)_00","","STP","52","Conf. Root = 32768/0/52:54:00:2f:9e:49  Cost = 0  Port = 0x8003"
"191","2020-06-06 13:37:10,767482","192.168.100.2","domain","192.168.100.121","63465","DNS","87","Standard query response 0x0002 Server failure TXT c.1-1.24006.ns.ostrykebs.pl"
"192","2020-06-06 13:37:10,767992","192.168.100.121","","192.168.100.2","","ICMP","115","Destination unreachable (Port unreachable)"
"193","2020-06-06 13:37:10,871304","192.168.100.121","63466","192.168.100.2","domain","DNS","86","Standard query 0x0001 PTR 2.100.168.192.in-addr.arpa"
"194","2020-06-06 13:37:10,876707","192.168.100.2","domain","192.168.100.121","63466","DNS","86","Standard query response 0x0001 No such name PTR 2.100.168.192.in-addr.arpa"
"195","2020-06-06 13:37:10,877040","192.168.100.121","63467","192.168.100.2","domain","DNS","87","Standard query 0x0002 TXT c.1-1.24006.ns.ostrykebs.pl"
"196","2020-06-06 13:37:11,884274","192.168.100.2","domain","192.168.100.121","63467","DNS","87","Standard query response 0x0002 Server failure TXT c.1-1.24006.ns.ostrykebs.pl"
"197","2020-06-06 13:37:12,109090","192.168.100.121","63468","192.168.100.2","domain","DNS","86","Standard query 0x0001 PTR 2.100.168.192.in-addr.arpa"
"198","2020-06-06 13:37:12,114515","192.168.100.2","domain","192.168.100.121","63468","DNS","86","Standard query response 0x0001 No such name PTR 2.100.168.192.in-addr.arpa"
"199","2020-06-06 13:37:12,114986","192.168.100.121","63469","192.168.100.2","domain","DNS","87","Standard query 0x0002 TXT c.1-1.24006.ns.ostrykebs.pl"
"200","2020-06-06 13:37:12,552542","fe:54:00:b9:4c:39","","Spanning-tree-(for-bridges)_00","","STP","52","Conf. Root = 32768/0/52:54:00:2f:9e:49  Cost = 0  Port = 0x8003"
"201","2020-06-06 13:37:13,122785","192.168.100.2","domain","192.168.100.121","63469","DNS","87","Standard query response 0x0002 Server failure TXT c.1-1.24006.ns.ostrykebs.pl"
"202","2020-06-06 13:37:13,373720","192.168.100.121","63470","192.168.100.2","domain","DNS","86","Standard query 0x0001 PTR 2.100.168.192.in-addr.arpa"
"203","2020-06-06 13:37:13,379217","192.168.100.2","domain","192.168.100.121","63470","DNS","86","Standard query response 0x0001 No such name PTR 2.100.168.192.in-addr.arpa"
"204","2020-06-06 13:37:13,379737","192.168.100.121","63471","192.168.100.2","domain","DNS","87","Standard query 0x0002 TXT c.1-1.24006.ns.ostrykebs.pl"
"205","2020-06-06 13:37:14,572543","fe:54:00:b9:4c:39","","Spanning-tree-(for-bridges)_00","","STP","52","Conf. Root = 32768/0/52:54:00:2f:9e:49  Cost = 0  Port = 0x8003"
"206","2020-06-06 13:37:15,387775","192.168.100.2","domain","192.168.100.121","63471","DNS","87","Standard query response 0x0002 Server failure TXT c.1-1.24006.ns.ostrykebs.pl"
"207","2020-06-06 13:37:15,388143","192.168.100.121","","192.168.100.2","","ICMP","115","Destination unreachable (Port unreachable)"
"208","2020-06-06 13:37:15,561753","192.168.100.121","63472","192.168.100.2","domain","DNS","86","Standard query 0x0001 PTR 2.100.168.192.in-addr.arpa"
"209","2020-06-06 13:37:15,567137","192.168.100.2","domain","192.168.100.121","63472","DNS","86","Standard query response 0x0001 No such name PTR 2.100.168.192.in-addr.arpa"
"210","2020-06-06 13:37:15,567538","192.168.100.121","63473","192.168.100.2","domain","DNS","87","Standard query 0x0002 TXT c.1-1.24006.ns.ostrykebs.pl"
"211","2020-06-06 13:37:16,552586","fe:54:00:b9:4c:39","","Spanning-tree-(for-bridges)_00","","STP","52","Conf. Root = 32768/0/52:54:00:2f:9e:49  Cost = 0  Port = 0x8003"
"212","2020-06-06 13:37:16,575350","192.168.100.2","domain","192.168.100.121","63473","DNS","87","Standard query response 0x0002 Server failure TXT c.1-1.24006.ns.ostrykebs.pl"
"213","2020-06-06 13:37:16,751748","192.168.100.121","63474","192.168.100.2","domain","DNS","86","Standard query 0x0001 PTR 2.100.168.192.in-addr.arpa"
"214","2020-06-06 13:37:16,757460","192.168.100.2","domain","192.168.100.121","63474","DNS","86","Standard query response 0x0001 No such name PTR 2.100.168.192.in-addr.arpa"
"215","2020-06-06 13:37:16,757899","192.168.100.121","63475","192.168.100.2","domain","DNS","87","Standard query 0x0002 TXT c.1-1.24006.ns.ostrykebs.pl"
"216","2020-06-06 13:37:17,764943","192.168.100.2","domain","192.168.100.121","63475","DNS","87","Standard query response 0x0002 Server failure TXT c.1-1.24006.ns.ostrykebs.pl"
"217","2020-06-06 13:37:17,932414","192.168.100.121","63476","192.168.100.2","domain","DNS","86","Standard query 0x0001 PTR 2.100.168.192.in-addr.arpa"
"218","2020-06-06 13:37:17,937832","192.168.100.2","domain","192.168.100.121","63476","DNS","86","Standard query response 0x0001 No such name PTR 2.100.168.192.in-addr.arpa"
"219","2020-06-06 13:37:17,938287","192.168.100.121","63477","192.168.100.2","domain","DNS","87","Standard query 0x0002 TXT c.1-1.24006.ns.ostrykebs.pl"
"220","2020-06-06 13:37:18,568571","fe:54:00:b9:4c:39","","Spanning-tree-(for-bridges)_00","","STP","52","Conf. Root = 32768/0/52:54:00:2f:9e:49  Cost = 0  Port = 0x8003"
"221","2020-06-06 13:37:18,945492","192.168.100.2","domain","192.168.100.121","63477","DNS","87","Standard query response 0x0002 Server failure TXT c.1-1.24006.ns.ostrykebs.pl"
"222","2020-06-06 13:37:19,081104","192.168.100.121","63478","192.168.100.2","domain","DNS","86","Standard query 0x0001 PTR 2.100.168.192.in-addr.arpa"
"223","2020-06-06 13:37:19,086619","192.168.100.2","domain","192.168.100.121","63478","DNS","86","Standard query response 0x0001 No such name PTR 2.100.168.192.in-addr.arpa"
"224","2020-06-06 13:37:19,086899","192.168.100.121","63479","192.168.100.2","domain","DNS","87","Standard query 0x0002 TXT c.1-1.24006.ns.ostrykebs.pl"
"225","2020-06-06 13:37:20,552572","fe:54:00:b9:4c:39","","Spanning-tree-(for-bridges)_00","","STP","52","Conf. Root = 32768/0/52:54:00:2f:9e:49  Cost = 0  Port = 0x8003"
"226","2020-06-06 13:37:21,095191","192.168.100.2","domain","192.168.100.121","63479","DNS","87","Standard query response 0x0002 Server failure TXT c.1-1.24006.ns.ostrykebs.pl"
"227","2020-06-06 13:37:21,095516","192.168.100.121","","192.168.100.2","","ICMP","115","Destination unreachable (Port unreachable)"
"228","2020-06-06 13:37:21,427422","192.168.100.121","63480","192.168.100.2","domain","DNS","86","Standard query 0x0001 PTR 2.100.168.192.in-addr.arpa"
"229","2020-06-06 13:37:21,433517","192.168.100.2","domain","192.168.100.121","63480","DNS","86","Standard query response 0x0001 No such name PTR 2.100.168.192.in-addr.arpa"
"230","2020-06-06 13:37:21,434635","192.168.100.121","63481","192.168.100.2","domain","DNS","87","Standard query 0x0002 TXT c.1-1.24006.ns.ostrykebs.pl"
"231","2020-06-06 13:37:21,575916","192.168.100.121","netbios-dgm","192.168.100.255","netbios-dgm","BROWSER","243","Local Master Announcement USER-PC, Workstation, Server, NT Workstation, Potential Browser, Master Browser"
"232","2020-06-06 13:37:22,568582","fe:54:00:b9:4c:39","","Spanning-tree-(for-bridges)_00","","STP","52","Conf. Root = 32768/0/52:54:00:2f:9e:49  Cost = 0  Port = 0x8003"
"233","2020-06-06 13:37:23,442634","192.168.100.2","domain","192.168.100.121","63481","DNS","87","Standard query response 0x0002 Server failure TXT c.1-1.24006.ns.ostrykebs.pl"
"234","2020-06-06 13:37:23,443396","192.168.100.121","","192.168.100.2","","ICMP","115","Destination unreachable (Port unreachable)"
"235","2020-06-06 13:37:23,631993","192.168.100.121","63482","192.168.100.2","domain","DNS","86","Standard query 0x0001 PTR 2.100.168.192.in-addr.arpa"
"236","2020-06-06 13:37:23,637356","192.168.100.2","domain","192.168.100.121","63482","DNS","86","Standard query response 0x0001 No such name PTR 2.100.168.192.in-addr.arpa"
"237","2020-06-06 13:37:23,637748","192.168.100.121","63483","192.168.100.2","domain","DNS","87","Standard query 0x0002 TXT c.1-1.24006.ns.ostrykebs.pl"
"238","2020-06-06 13:37:24,552541","fe:54:00:b9:4c:39","","Spanning-tree-(for-bridges)_00","","STP","52","Conf. Root = 32768/0/52:54:00:2f:9e:49  Cost = 0  Port = 0x8003"
"239","2020-06-06 13:37:25,646053","192.168.100.2","domain","192.168.100.121","63483","DNS","87","Standard query response 0x0002 Server failure TXT c.1-1.24006.ns.ostrykebs.pl"
"240","2020-06-06 13:37:25,646391","192.168.100.121","","192.168.100.2","","ICMP","115","Destination unreachable (Port unreachable)"
"241","2020-06-06 13:37:25,749177","192.168.100.121","63484","192.168.100.2","domain","DNS","86","Standard query 0x0001 PTR 2.100.168.192.in-addr.arpa"
"242","2020-06-06 13:37:25,754448","192.168.100.2","domain","192.168.100.121","63484","DNS","86","Standard query response 0x0001 No such name PTR 2.100.168.192.in-addr.arpa"
"243","2020-06-06 13:37:25,754731","192.168.100.121","63485","192.168.100.2","domain","DNS","87","Standard query 0x0002 TXT c.1-1.24006.ns.ostrykebs.pl"
"244","2020-06-06 13:37:26,568594","fe:54:00:b9:4c:39","","Spanning-tree-(for-bridges)_00","","STP","52","Conf. Root = 32768/0/52:54:00:2f:9e:49  Cost = 0  Port = 0x8003"
"245","2020-06-06 13:37:27,762705","192.168.100.2","domain","192.168.100.121","63485","DNS","87","Standard query response 0x0002 Server failure TXT c.1-1.24006.ns.ostrykebs.pl"
"246","2020-06-06 13:37:27,763177","192.168.100.121","","192.168.100.2","","ICMP","115","Destination unreachable (Port unreachable)"
"247","2020-06-06 13:37:27,891873","192.168.100.121","63486","192.168.100.2","domain","DNS","86","Standard query 0x0001 PTR 2.100.168.192.in-addr.arpa"
"248","2020-06-06 13:37:27,897521","192.168.100.2","domain","192.168.100.121","63486","DNS","86","Standard query response 0x0001 No such name PTR 2.100.168.192.in-addr.arpa"
"249","2020-06-06 13:37:27,897786","192.168.100.121","63487","192.168.100.2","domain","DNS","87","Standard query 0x0002 TXT c.1-1.24006.ns.ostrykebs.pl"
"250","2020-06-06 13:37:28,299933","52:54:00:4a:04:af","","52:54:00:36:3e:ff","","ARP","42","Who has 192.168.100.2? Tell 192.168.100.121"
"251","2020-06-06 13:37:28,300044","52:54:00:36:3e:ff","","52:54:00:4a:04:af","","ARP","42","192.168.100.2 is at 52:54:00:36:3e:ff"
"252","2020-06-06 13:37:28,552521","fe:54:00:b9:4c:39","","Spanning-tree-(for-bridges)_00","","STP","52","Conf. Root = 32768/0/52:54:00:2f:9e:49  Cost = 0  Port = 0x8003"
"253","2020-06-06 13:37:28,613024","52:54:00:36:3e:ff","","52:54:00:4a:04:af","","ARP","42","Who has 192.168.100.121? Tell 192.168.100.2"
"254","2020-06-06 13:37:28,613201","52:54:00:4a:04:af","","52:54:00:36:3e:ff","","ARP","42","192.168.100.121 is at 52:54:00:4a:04:af"
"255","2020-06-06 13:37:28,905075","192.168.100.2","domain","192.168.100.121","63487","DNS","87","Standard query response 0x0002 Server failure TXT c.1-1.24006.ns.ostrykebs.pl"
"256","2020-06-06 13:37:29,022682","192.168.100.121","63488","192.168.100.2","domain","DNS","86","Standard query 0x0001 PTR 2.100.168.192.in-addr.arpa"
"257","2020-06-06 13:37:29,027974","192.168.100.2","domain","192.168.100.121","63488","DNS","86","Standard query response 0x0001 No such name PTR 2.100.168.192.in-addr.arpa"
"258","2020-06-06 13:37:29,028250","192.168.100.121","63489","192.168.100.2","domain","DNS","87","Standard query 0x0002 TXT c.1-1.24006.ns.ostrykebs.pl"
"259","2020-06-06 13:37:30,572583","fe:54:00:b9:4c:39","","Spanning-tree-(for-bridges)_00","","STP","52","Conf. Root = 32768/0/52:54:00:2f:9e:49  Cost = 0  Port = 0x8003"
"260","2020-06-06 13:37:31,036433","192.168.100.2","domain","192.168.100.121","63489","DNS","87","Standard query response 0x0002 Server failure TXT c.1-1.24006.ns.ostrykebs.pl"
"261","2020-06-06 13:37:31,036811","192.168.100.121","","192.168.100.2","","ICMP","115","Destination unreachable (Port unreachable)"
"262","2020-06-06 13:37:31,193393","192.168.100.121","63490","192.168.100.2","domain","DNS","86","Standard query 0x0001 PTR 2.100.168.192.in-addr.arpa"
"263","2020-06-06 13:37:31,199035","192.168.100.2","domain","192.168.100.121","63490","DNS","86","Standard query response 0x0001 No such name PTR 2.100.168.192.in-addr.arpa"
"264","2020-06-06 13:37:31,199435","192.168.100.121","63491","192.168.100.2","domain","DNS","87","Standard query 0x0002 TXT c.1-1.24006.ns.ostrykebs.pl"
"265","2020-06-06 13:37:32,206906","192.168.100.2","domain","192.168.100.121","63491","DNS","87","Standard query response 0x0002 Server failure TXT c.1-1.24006.ns.ostrykebs.pl"
"266","2020-06-06 13:37:32,359557","192.168.100.121","63492","192.168.100.2","domain","DNS","86","Standard query 0x0001 PTR 2.100.168.192.in-addr.arpa"
"267","2020-06-06 13:37:32,364835","192.168.100.2","domain","192.168.100.121","63492","DNS","86","Standard query response 0x0001 No such name PTR 2.100.168.192.in-addr.arpa"
"268","2020-06-06 13:37:32,365110","192.168.100.121","63493","192.168.100.2","domain","DNS","87","Standard query 0x0002 TXT c.1-1.24006.ns.ostrykebs.pl"
"269","2020-06-06 13:37:32,552584","fe:54:00:b9:4c:39","","Spanning-tree-(for-bridges)_00","","STP","52","Conf. Root = 32768/0/52:54:00:2f:9e:49  Cost = 0  Port = 0x8003"
"270","2020-06-06 13:37:34,373427","192.168.100.2","domain","192.168.100.121","63493","DNS","87","Standard query response 0x0002 Server failure TXT c.1-1.24006.ns.ostrykebs.pl"
"271","2020-06-06 13:37:34,373856","192.168.100.121","","192.168.100.2","","ICMP","115","Destination unreachable (Port unreachable)"
"272","2020-06-06 13:37:34,540514","192.168.100.121","63494","192.168.100.2","domain","DNS","86","Standard query 0x0001 PTR 2.100.168.192.in-addr.arpa"
"273","2020-06-06 13:37:34,546144","192.168.100.2","domain","192.168.100.121","63494","DNS","86","Standard query response 0x0001 No such name PTR 2.100.168.192.in-addr.arpa"
"274","2020-06-06 13:37:34,546554","192.168.100.121","63495","192.168.100.2","domain","DNS","87","Standard query 0x0002 TXT c.1-1.24006.ns.ostrykebs.pl"
"275","2020-06-06 13:37:34,568564","fe:54:00:b9:4c:39","","Spanning-tree-(for-bridges)_00","","STP","52","Conf. Root = 32768/0/52:54:00:2f:9e:49  Cost = 0  Port = 0x8003"
"276","2020-06-06 13:37:35,003206","fe80::a179:b3ff:199:2314","dhcpv6-client","ff02::1:2","dhcpv6-server","DHCPv6","149","Solicit XID: 0x615da4 CID: 00010001216821485254004aad11 "
"277","2020-06-06 13:37:35,558916","192.168.100.2","domain","192.168.100.121","63495","DNS","87","Standard query response 0x0002 Server failure TXT c.1-1.24006.ns.ostrykebs.pl"
"278","2020-06-06 13:37:35,707843","192.168.100.121","63496","192.168.100.2","domain","DNS","86","Standard query 0x0001 PTR 2.100.168.192.in-addr.arpa"
"279","2020-06-06 13:37:35,713496","192.168.100.2","domain","192.168.100.121","63496","DNS","86","Standard query response 0x0001 No such name PTR 2.100.168.192.in-addr.arpa"
"280","2020-06-06 13:37:35,713842","192.168.100.121","63497","192.168.100.2","domain","DNS","87","Standard query 0x0002 TXT c.1-1.24006.ns.ostrykebs.pl"
"281","2020-06-06 13:37:36,552518","fe:54:00:b9:4c:39","","Spanning-tree-(for-bridges)_00","","STP","52","Conf. Root = 32768/0/52:54:00:2f:9e:49  Cost = 0  Port = 0x8003"
"282","2020-06-06 13:37:36,720831","192.168.100.2","domain","192.168.100.121","63497","DNS","87","Standard query response 0x0002 Server failure TXT c.1-1.24006.ns.ostrykebs.pl"
"283","2020-06-06 13:37:36,860956","192.168.100.121","63498","192.168.100.2","domain","DNS","86","Standard query 0x0001 PTR 2.100.168.192.in-addr.arpa"
"284","2020-06-06 13:37:36,866283","192.168.100.2","domain","192.168.100.121","63498","DNS","86","Standard query response 0x0001 No such name PTR 2.100.168.192.in-addr.arpa"
"285","2020-06-06 13:37:36,866543","192.168.100.121","63499","192.168.100.2","domain","DNS","87","Standard query 0x0002 TXT c.1-1.24006.ns.ostrykebs.pl"
"286","2020-06-06 13:37:38,568591","fe:54:00:b9:4c:39","","Spanning-tree-(for-bridges)_00","","STP","52","Conf. Root = 32768/0/52:54:00:2f:9e:49  Cost = 0  Port = 0x8003"
"287","2020-06-06 13:37:38,883499","192.168.100.2","domain","192.168.100.121","63499","DNS","87","Standard query response 0x0002 Server failure TXT c.1-1.24006.ns.ostrykebs.pl"
"288","2020-06-06 13:37:38,883606","192.168.100.121","","192.168.100.2","","ICMP","115","Destination unreachable (Port unreachable)"
"289","2020-06-06 13:37:38,957415","192.168.100.121","63500","192.168.100.2","domain","DNS","86","Standard query 0x0001 PTR 2.100.168.192.in-addr.arpa"
"290","2020-06-06 13:37:38,962767","192.168.100.2","domain","192.168.100.121","63500","DNS","86","Standard query response 0x0001 No such name PTR 2.100.168.192.in-addr.arpa"
"291","2020-06-06 13:37:38,963071","192.168.100.121","63501","192.168.100.2","domain","DNS","87","Standard query 0x0002 TXT c.1-1.24006.ns.ostrykebs.pl"
"292","2020-06-06 13:37:40,552562","fe:54:00:b9:4c:39","","Spanning-tree-(for-bridges)_00","","STP","52","Conf. Root = 32768/0/52:54:00:2f:9e:49  Cost = 0  Port = 0x8003"
"293","2020-06-06 13:37:40,971033","192.168.100.2","domain","192.168.100.121","63501","DNS","87","Standard query response 0x0002 Server failure TXT c.1-1.24006.ns.ostrykebs.pl"
"294","2020-06-06 13:37:40,971498","192.168.100.121","","192.168.100.2","","ICMP","115","Destination unreachable (Port unreachable)"
"295","2020-06-06 13:37:41,086016","192.168.100.121","63502","192.168.100.2","domain","DNS","86","Standard query 0x0001 PTR 2.100.168.192.in-addr.arpa"
"296","2020-06-06 13:37:41,091281","192.168.100.2","domain","192.168.100.121","63502","DNS","86","Standard query response 0x0001 No such name PTR 2.100.168.192.in-addr.arpa"
"297","2020-06-06 13:37:41,091593","192.168.100.121","63503","192.168.100.2","domain","DNS","87","Standard query 0x0002 TXT c.1-1.24006.ns.ostrykebs.pl"
"298","2020-06-06 13:37:42,098248","192.168.100.2","domain","192.168.100.121","63503","DNS","87","Standard query response 0x0002 Server failure TXT c.1-1.24006.ns.ostrykebs.pl"
"299","2020-06-06 13:37:42,238270","192.168.100.121","63504","192.168.100.2","domain","DNS","86","Standard query 0x0001 PTR 2.100.168.192.in-addr.arpa"
"300","2020-06-06 13:37:42,243709","192.168.100.2","domain","192.168.100.121","63504","DNS","86","Standard query response 0x0001 No such name PTR 2.100.168.192.in-addr.arpa"
"301","2020-06-06 13:37:42,244017","192.168.100.121","63505","192.168.100.2","domain","DNS","87","Standard query 0x0002 TXT c.1-1.24006.ns.ostrykebs.pl"
