No.,Time,Source,Destination,Length,Protocol,Info,Attack
1,"2025-06-04 06:50:14,712857",162.159.136.234,Asus.local,96,TLSv1.2,Application Data,0
2,"2025-06-04 06:50:14,743034",Asus.local,224.77.77.77,155,UDP,63661  >  12177 Len=113,0
3,"2025-06-04 06:50:14,758605",Asus.local,162.159.136.234,54,TCP,49965  >  https(443) [ACK] Seq=1 Ack=43 Win=255 Len=0,0
4,"2025-06-04 06:50:15,307465",Asus.local,180.250.245.142,99,DNS,Standard query 0xd2b2 PTR 234.136.159.162.in-addr.arpa OPT,0
5,"2025-06-04 06:50:15,307578",Asus.local,180.250.245.142,96,DNS,Standard query 0x62dc PTR 18.1.168.192.in-addr.arpa OPT,0
6,"2025-06-04 06:50:15,307648",Asus.local,180.250.245.142,96,DNS,Standard query 0xd4d0 PTR 77.77.77.224.in-addr.arpa OPT,0
7,"2025-06-04 06:50:15,324075",180.250.245.142,Asus.local,173,DNS,Standard query response 0x62dc No such name PTR 18.1.168.192.in-addr.arpa SOA prisoner.iana.org OPT,0
8,"2025-06-04 06:50:15,362618",180.250.245.142,Asus.local,161,DNS,Standard query response 0xd2b2 No such name PTR 234.136.159.162.in-addr.arpa SOA cruz.ns.cloudflare.com OPT,0
9,"2025-06-04 06:50:15,631446",180.250.245.142,Asus.local,153,DNS,Standard query response 0xd4d0 No such name PTR 77.77.77.224.in-addr.arpa SOA sns.dns.icann.org OPT,0
10,"2025-06-04 06:50:16,262833",Asus.local,180.250.245.142,99,DNS,Standard query 0xf688 PTR 142.245.250.180.in-addr.arpa OPT,0
11,"2025-06-04 06:50:16,336722",180.250.245.142,Asus.local,99,DNS,Standard query response 0xf688 Server failure PTR 142.245.250.180.in-addr.arpa OPT,0
12,"2025-06-04 06:50:16,361041",BilianElectr_0a:d5:f9,Broadcast,42,ARP,Who has 192.168.1.1? Tell 192.168.1.6,0
13,"2025-06-04 06:50:16,753580",Asus.local,224.77.77.77,155,UDP,63661  >  12177 Len=113,0
14,"2025-06-04 06:50:17,286483",Asus.local,180.250.245.142,95,DNS,Standard query 0x0be9 PTR 6.1.168.192.in-addr.arpa OPT,0
15,"2025-06-04 06:50:17,286692",Asus.local,180.250.245.133,99,DNS,Standard query 0xf688 PTR 142.245.250.180.in-addr.arpa OPT,0
16,"2025-06-04 06:50:17,304551",180.250.245.142,Asus.local,172,DNS,Standard query response 0x0be9 No such name PTR 6.1.168.192.in-addr.arpa SOA prisoner.iana.org OPT,0
17,"2025-06-04 06:50:17,520820",180.250.245.133,Asus.local,99,DNS,Standard query response 0xf688 Server failure PTR 142.245.250.180.in-addr.arpa OPT,0
18,"2025-06-04 06:50:17,588746",Asus.local,45.224.186.35.bc.googleusercontent.com,97,TLSv1.2,Application Data,0
19,"2025-06-04 06:50:17,608140",45.224.186.35.bc.googleusercontent.com,Asus.local,56,TCP,https(443)  >  51581 [ACK] Seq=1 Ack=44 Win=1048 Len=0,0
20,"2025-06-04 06:50:17,667732",45.224.186.35.bc.googleusercontent.com,Asus.local,94,TLSv1.2,Application Data,0
21,"2025-06-04 06:50:17,721615",Asus.local,45.224.186.35.bc.googleusercontent.com,54,TCP,51581  >  https(443) [ACK] Seq=44 Ack=41 Win=2047 Len=0,0
22,"2025-06-04 06:50:18,283398",Asus.local,180.250.245.133,99,DNS,Standard query 0x133c PTR 133.245.250.180.in-addr.arpa OPT,0
23,"2025-06-04 06:50:18,283495",Asus.local,180.250.245.133,97,DNS,Standard query 0xaaf9 PTR 45.224.186.35.in-addr.arpa OPT,0
24,"2025-06-04 06:50:18,283709",Asus.local,2001:4489:50a:101::2,119,DNS,Standard query 0xf688 PTR 142.245.250.180.in-addr.arpa OPT,0
25,"2025-06-04 06:50:18,497771",180.250.245.133,Asus.local,149,DNS,Standard query response 0xaaf9 PTR 45.224.186.35.in-addr.arpa PTR 45.224.186.35.bc.googleusercontent.com OPT,0
26,"2025-06-04 06:50:18,765305",Asus.local,224.77.77.77,155,UDP,63661  >  12177 Len=113,0
27,"2025-06-04 06:50:19,283606",Asus.local,180.250.245.142,143,DNS,Standard query 0x655e PTR 9.b.4.9.8.8.1.f.8.5.b.9.5.7.4.7.b.0.5.0.0.a.0.5.a.8.4.4.1.0.0.2.ip6.arpa OPT,0
28,"2025-06-04 06:50:19,283716",Asus.local,180.250.245.142,143,DNS,Standard query 0x26b3 PTR 2.0.0.0.0.0.0.0.0.0.0.0.0.0.0.0.1.0.1.0.a.0.5.0.9.8.4.4.1.0.0.2.ip6.arpa OPT,0
29,"2025-06-04 06:50:19,298624",Asus.local,ec2-52-206-48-130.compute-1.amazonaws.com,90,TLSv1.2,Application Data,0
30,"2025-06-04 06:50:19,425468",Asus.local,mdns.mcast.net,311,MDNS,Standard query response 0x0000 PTR Asus._dosvc._tcp.local SRV 0 0 7680 Asus.local TXT,0
31,"2025-06-04 06:50:19,427599",Asus.local,ff02::fb,331,MDNS,Standard query response 0x0000 PTR Asus._dosvc._tcp.local SRV 0 0 7680 Asus.local TXT,0
32,"2025-06-04 06:50:19,428639",Asus.local,mdns.mcast.net,82,MDNS,"Standard query 0x0000 ANY Asus._dosvc._tcp.local, ""QM"" question",0
33,"2025-06-04 06:50:19,429152",Asus.local,ff02::fb,102,MDNS,"Standard query 0x0000 ANY Asus._dosvc._tcp.local, ""QM"" question",0
34,"2025-06-04 06:50:19,468931",180.250.245.142,Asus.local,231,DNS,Standard query response 0x655e No such name PTR 9.b.4.9.8.8.1.f.8.5.b.9.5.7.4.7.b.0.5.0.0.a.0.5.a.8.4.4.1.0.0.2.ip6.arpa SOA ns.apnic.net OPT,0
35,"2025-06-04 06:50:19,470916",180.250.245.142,Asus.local,231,DNS,Standard query response 0x26b3 No such name PTR 2.0.0.0.0.0.0.0.0.0.0.0.0.0.0.0.1.0.1.0.a.0.5.0.9.8.4.4.1.0.0.2.ip6.arpa SOA ns.apnic.net OPT,0
36,"2025-06-04 06:50:19,537179",ec2-52-206-48-130.compute-1.amazonaws.com,Asus.local,56,TCP,https(443)  >  61710 [ACK] Seq=1 Ack=37 Win=261 Len=0,0
37,"2025-06-04 06:50:19,688525",Asus.local,mdns.mcast.net,82,MDNS,"Standard query 0x0000 ANY Asus._dosvc._tcp.local, ""QM"" question",0
38,"2025-06-04 06:50:19,689056",Asus.local,ff02::fb,102,MDNS,"Standard query 0x0000 ANY Asus._dosvc._tcp.local, ""QM"" question",0
39,"2025-06-04 06:50:19,952963",Asus.local,mdns.mcast.net,82,MDNS,"Standard query 0x0000 ANY Asus._dosvc._tcp.local, ""QM"" question",0
40,"2025-06-04 06:50:19,953356",Asus.local,ff02::fb,102,MDNS,"Standard query 0x0000 ANY Asus._dosvc._tcp.local, ""QM"" question",0
41,"2025-06-04 06:50:20,217828",Asus.local,mdns.mcast.net,421,MDNS,"Standard query response 0x0000 PTR, cache flush Asus._dosvc._tcp.local SRV, cache flush 0 0 7680 Asus.local TXT, cache flush A, cache flush 192.168.1.18 AAAA, cache flush 2001:448a:50a0:50b:5043:d7b3:c6fb:e285 AAAA, cache flush 2001:448a:50a0:50b:7475:9b58:f188:94b9 AAAA, cache flush fe80::d015:57cc:7463:7b6",0
42,"2025-06-04 06:50:20,218327",Asus.local,ff02::fb,441,MDNS,"Standard query response 0x0000 PTR, cache flush Asus._dosvc._tcp.local SRV, cache flush 0 0 7680 Asus.local TXT, cache flush A, cache flush 192.168.1.18 AAAA, cache flush 2001:448a:50a0:50b:5043:d7b3:c6fb:e285 AAAA, cache flush 2001:448a:50a0:50b:7475:9b58:f188:94b9 AAAA, cache flush fe80::d015:57cc:7463:7b6",0
43,"2025-06-04 06:50:20,218636",Asus.local,mdns.mcast.net,368,MDNS,"Standard query response 0x0000 SRV, cache flush 0 0 7680 Asus.local TXT, cache flush A, cache flush 192.168.1.18 AAAA, cache flush 2001:448a:50a0:50b:5043:d7b3:c6fb:e285 AAAA, cache flush 2001:448a:50a0:50b:7475:9b58:f188:94b9 AAAA, cache flush fe80::d015:57cc:7463:7b6",0
44,"2025-06-04 06:50:20,218913",Asus.local,ff02::fb,388,MDNS,"Standard query response 0x0000 SRV, cache flush 0 0 7680 Asus.local TXT, cache flush A, cache flush 192.168.1.18 AAAA, cache flush 2001:448a:50a0:50b:5043:d7b3:c6fb:e285 AAAA, cache flush 2001:448a:50a0:50b:7475:9b58:f188:94b9 AAAA, cache flush fe80::d015:57cc:7463:7b6",0
45,"2025-06-04 06:50:20,294269",Asus.local,180.250.245.142,97,DNS,Standard query 0xfbd7 PTR 130.48.206.52.in-addr.arpa OPT,0
46,"2025-06-04 06:50:20,294356",Asus.local,180.250.245.142,95,DNS,Standard query 0x5f79 PTR 251.0.0.224.in-addr.arpa OPT,0
47,"2025-06-04 06:50:20,294444",Asus.local,180.250.245.142,143,DNS,Standard query 0x5b19 PTR 6.b.7.0.3.6.4.7.c.c.7.5.5.1.0.d.0.0.0.0.0.0.0.0.0.0.0.0.0.8.e.f.ip6.arpa OPT,0
48,"2025-06-04 06:50:20,294524",Asus.local,180.250.245.142,143,DNS,Standard query 0x2a73 PTR b.f.0.0.0.0.0.0.0.0.0.0.0.0.0.0.0.0.0.0.0.0.0.0.0.0.0.0.2.0.f.f.ip6.arpa OPT,0
49,"2025-06-04 06:50:20,294577",Asus.local,180.250.245.142,99,DNS,Standard query 0xf688 PTR 142.245.250.180.in-addr.arpa OPT,0
50,"2025-06-04 06:50:20,294624",Asus.local,180.250.245.142,99,DNS,Standard query 0x133c PTR 133.245.250.180.in-addr.arpa OPT,0
51,"2025-06-04 06:50:20,306302",180.250.245.142,Asus.local,99,DNS,Standard query response 0xf688 Server failure PTR 142.245.250.180.in-addr.arpa OPT,0
52,"2025-06-04 06:50:20,537456",180.250.245.142,Asus.local,207,DNS,Standard query response 0x2a73 No such name PTR b.f.0.0.0.0.0.0.0.0.0.0.0.0.0.0.0.0.0.0.0.0.0.0.0.0.0.0.2.0.f.f.ip6.arpa SOA b.ip6-servers.arpa OPT,0
53,"2025-06-04 06:50:20,551409",180.250.245.142,Asus.local,207,DNS,Standard query response 0x5b19 No such name PTR 6.b.7.0.3.6.4.7.c.c.7.5.5.1.0.d.0.0.0.0.0.0.0.0.0.0.0.0.0.8.e.f.ip6.arpa SOA b.ip6-servers.arpa OPT,0
54,"2025-06-04 06:50:20,636103",180.250.245.133,Asus.local,99,DNS,Standard query response 0x133c Server failure PTR 133.245.250.180.in-addr.arpa OPT,0
55,"2025-06-04 06:50:20,666434",Asus.local,13.70.79.200,54,TCP,"50425  >  https(443) [FIN, ACK] Seq=1 Ack=1 Win=1021 Len=0",0
56,"2025-06-04 06:50:20,776132",Asus.local,224.77.77.77,155,UDP,63661  >  12177 Len=113,0
57,"2025-06-04 06:50:20,841858",180.250.245.142,Asus.local,285,DNS,Standard query response 0xfbd7 PTR 130.48.206.52.in-addr.arpa PTR ec2-52-206-48-130.compute-1.amazonaws.com NS ns1-24-us-east-1.ec2-rdns.amazonaws.com NS ns2-24-us-east-1.ec2-rdns.amazonaws.com NS ns3-24-us-east-1.ec2-rdns.amazonaws.com NS ns4-24-us-east-1.ec2-rdns.amazonaws.com OPT,0
58,"2025-06-04 06:50:20,885825",13.70.79.200,Asus.local,54,TCP,"https(443)  >  50425 [FIN, ACK] Seq=1 Ack=2 Win=16383 Len=0",1
59,"2025-06-04 06:50:20,885859",Asus.local,13.70.79.200,54,TCP,50425  >  https(443) [ACK] Seq=2 Ack=2 Win=1021 Len=0,1
60,"2025-06-04 06:50:21,082098",180.250.245.142,Asus.local,210,DNS,Standard query response 0x5f79 PTR 251.0.0.224.in-addr.arpa PTR mdns.mcast.net NS a.iana-servers.net NS b.iana-servers.net NS c.iana-servers.net NS ns.icann.org OPT,0
61,"2025-06-04 06:50:21,137886",162.159.136.234,Asus.local,93,TLSv1.2,Application Data,0
62,"2025-06-04 06:50:21,181579",Asus.local,162.159.136.234,54,TCP,49965  >  https(443) [ACK] Seq=1 Ack=82 Win=255 Len=0,1
63,"2025-06-04 06:50:21,297981",180.250.245.142,Asus.local,99,DNS,Standard query response 0x133c Server failure PTR 133.245.250.180.in-addr.arpa OPT,0
64,"2025-06-04 06:50:21,305999",Asus.local,180.250.245.142,96,DNS,Standard query 0x203d PTR 200.79.70.13.in-addr.arpa OPT,0
65,"2025-06-04 06:50:21,306056",Asus.local,180.250.245.142,99,DNS,Standard query 0xf688 PTR 142.245.250.180.in-addr.arpa OPT,0
66,"2025-06-04 06:50:21,306123",Asus.local,180.250.245.142,99,DNS,Standard query 0x133c PTR 133.245.250.180.in-addr.arpa OPT,0
67,"2025-06-04 06:50:21,310067",180.250.245.142,Asus.local,99,DNS,Standard query response 0xf688 Server failure PTR 142.245.250.180.in-addr.arpa OPT,0
68,"2025-06-04 06:50:21,310067",180.250.245.142,Asus.local,99,DNS,Standard query response 0x133c Server failure PTR 133.245.250.180.in-addr.arpa OPT,0
69,"2025-06-04 06:50:21,497677",20.195.84.23,Asus.local,258,TLSv1.2,Application Data,0
70,"2025-06-04 06:50:21,497677",20.195.84.23,Asus.local,85,TLSv1.2,Application Data,0
71,"2025-06-04 06:50:21,497742",Asus.local,20.195.84.23,54,TCP,65399  >  https(443) [ACK] Seq=1 Ack=236 Win=250 Len=0,1
72,"2025-06-04 06:50:21,498016",Asus.local,20.195.84.23,106,TLSv1.2,Application Data,0
73,"2025-06-04 06:50:21,498246",Asus.local,20.195.84.23,1916,TLSv1.2,Application Data,0
74,"2025-06-04 06:50:21,528103",20.195.84.23,Asus.local,56,TCP,https(443)  >  65399 [ACK] Seq=236 Ack=1493 Win=4386 Len=0,1
75,"2025-06-04 06:50:21,528240",20.195.84.23,Asus.local,93,TLSv1.2,Application Data,0
76,"2025-06-04 06:50:21,572349",20.195.84.23,Asus.local,56,TCP,https(443)  >  65399 [ACK] Seq=275 Ack=1915 Win=4409 Len=0,1
77,"2025-06-04 06:50:21,573002",Asus.local,20.195.84.23,54,TCP,65399  >  https(443) [ACK] Seq=1915 Ack=275 Win=250 Len=0,1
78,"2025-06-04 06:50:21,637461",180.250.245.142,Asus.local,170,DNS,Standard query response 0x203d No such name PTR 200.79.70.13.in-addr.arpa SOA ns1-201.azure-dns.com OPT,0
79,"2025-06-04 06:50:21,839447",Asus.local,2606:4700:20::681a:af0,86,TCP,50548  >  https(443) [SYN] Seq=0 Win=65535 Len=0 MSS=1440 WS=256 SACK_PERM,0
80,"2025-06-04 06:50:22,320720",Asus.local,180.250.245.142,96,DNS,Standard query 0xbd45 PTR 23.84.195.20.in-addr.arpa OPT,0
81,"2025-06-04 06:50:22,320828",Asus.local,180.250.245.142,143,DNS,Standard query 0x7a90 PTR 0.f.a.0.a.1.8.6.0.0.0.0.0.0.0.0.0.0.0.0.0.2.0.0.0.0.7.4.6.0.6.2.ip6.arpa OPT,0
82,"2025-06-04 06:50:22,320994",Asus.local,180.250.245.133,99,DNS,Standard query 0xf688 PTR 142.245.250.180.in-addr.arpa OPT,0
83,"2025-06-04 06:50:22,321019",Asus.local,180.250.245.133,99,DNS,Standard query 0x133c PTR 133.245.250.180.in-addr.arpa OPT,0
84,"2025-06-04 06:50:22,340765",180.250.245.133,Asus.local,99,DNS,Standard query response 0xf688 Server failure PTR 142.245.250.180.in-addr.arpa OPT,0
85,"2025-06-04 06:50:22,341016",180.250.245.133,Asus.local,99,DNS,Standard query response 0x133c Server failure PTR 133.245.250.180.in-addr.arpa OPT,0
86,"2025-06-04 06:50:22,421535",180.250.245.142,Asus.local,205,DNS,Standard query response 0x7a90 No such name PTR 0.f.a.0.a.1.8.6.0.0.0.0.0.0.0.0.0.0.0.0.0.2.0.0.0.0.7.4.6.0.6.2.ip6.arpa SOA leah.ns.cloudflare.com OPT,0
87,"2025-06-04 06:50:22,444550",Asus.local,162-254-195-75.valve.net,113,TLSv1.2,Application Data,0
88,"2025-06-04 06:50:22,589172",180.250.245.142,Asus.local,182,DNS,Standard query response 0xbd45 No such name PTR 23.84.195.20.in-addr.arpa SOA ns1-08.azure-dns.com OPT,0
89,"2025-06-04 06:50:22,640017",162-254-195-75.valve.net,Asus.local,56,TCP,27018  >  63142 [ACK] Seq=1 Ack=60 Win=3359 Len=0,1
90,"2025-06-04 06:50:22,789580",Asus.local,224.77.77.77,155,UDP,63661  >  12177 Len=113,0
91,"2025-06-04 06:50:23,315441",Asus.local,180.250.245.142,98,DNS,Standard query 0x2e82 PTR 75.195.254.162.in-addr.arpa OPT,0
92,"2025-06-04 06:50:23,315538",Asus.local,180.250.245.142,99,DNS,Standard query 0xf688 PTR 142.245.250.180.in-addr.arpa OPT,0
93,"2025-06-04 06:50:23,315560",Asus.local,180.250.245.142,99,DNS,Standard query 0x133c PTR 133.245.250.180.in-addr.arpa OPT,0
94,"2025-06-04 06:50:23,320605",180.250.245.142,Asus.local,99,DNS,Standard query response 0xf688 Server failure PTR 142.245.250.180.in-addr.arpa OPT,0
95,"2025-06-04 06:50:23,320605",180.250.245.142,Asus.local,99,DNS,Standard query response 0x133c Server failure PTR 133.245.250.180.in-addr.arpa OPT,0
96,"2025-06-04 06:50:24,011927",180.250.245.142,Asus.local,136,DNS,Standard query response 0x2e82 PTR 75.195.254.162.in-addr.arpa PTR 162-254-195-75.valve.net OPT,0
97,"2025-06-04 06:50:24,039645",BilianElectr_0a:cc:ef,Broadcast,42,ARP,Who has 192.168.1.1? Tell 192.168.1.3,1
98,"2025-06-04 06:50:24,311928",Asus.local,180.250.245.142,99,DNS,Standard query 0xf688 PTR 142.245.250.180.in-addr.arpa OPT,0
99,"2025-06-04 06:50:24,312179",Asus.local,2001:4489:50a:101::2,119,DNS,Standard query 0x133c PTR 133.245.250.180.in-addr.arpa OPT,0
100,"2025-06-04 06:50:24,320482",180.250.245.142,Asus.local,99,DNS,Standard query response 0xf688 Server failure PTR 142.245.250.180.in-addr.arpa OPT,0
101,"2025-06-04 06:50:24,796775",Asus.local,224.77.77.77,155,UDP,63661  >  12177 Len=113,0
102,"2025-06-04 06:50:25,309989",Asus.local,180.250.245.142,95,DNS,Standard query 0xd5b3 PTR 3.1.168.192.in-addr.arpa OPT,0
103,"2025-06-04 06:50:25,310052",Asus.local,180.250.245.142,99,DNS,Standard query 0xf688 PTR 142.245.250.180.in-addr.arpa OPT,0
104,"2025-06-04 06:50:25,312956",180.250.245.142,Asus.local,172,DNS,Standard query response 0xd5b3 No such name PTR 3.1.168.192.in-addr.arpa SOA prisoner.iana.org OPT,0
105,"2025-06-04 06:50:25,314456",180.250.245.142,Asus.local,99,DNS,Standard query response 0xf688 Server failure PTR 142.245.250.180.in-addr.arpa OPT,0
106,"2025-06-04 06:50:25,841762",20.195.84.16,Asus.local,258,TLSv1.2,Application Data,0
107,"2025-06-04 06:50:25,841762",20.195.84.16,Asus.local,85,TLSv1.2,Application Data,1
108,"2025-06-04 06:50:25,841818",Asus.local,20.195.84.16,54,TCP,65288  >  https(443) [ACK] Seq=1 Ack=236 Win=251 Len=0,1
109,"2025-06-04 06:50:25,842023",Asus.local,20.195.84.16,106,TLSv1.2,Application Data,0
110,"2025-06-04 06:50:25,842111",Asus.local,20.195.84.16,2017,TLSv1.2,Application Data,0
111,"2025-06-04 06:50:25,870009",20.195.84.16,Asus.local,93,TLSv1.2,Application Data,0
112,"2025-06-04 06:50:25,870838",20.195.84.16,Asus.local,56,TCP,https(443)  >  65288 [ACK] Seq=275 Ack=2016 Win=4803 Len=0,1
113,"2025-06-04 06:50:25,920610",Asus.local,20.195.84.16,54,TCP,65288  >  https(443) [ACK] Seq=2016 Ack=275 Win=251 Len=0,1
114,"2025-06-04 06:50:26,309225",Asus.local,180.250.245.142,96,DNS,Standard query 0x218f PTR 16.84.195.20.in-addr.arpa OPT,0
115,"2025-06-04 06:50:26,369126",180.250.245.142,Asus.local,182,DNS,Standard query response 0x218f No such name PTR 16.84.195.20.in-addr.arpa SOA ns1-08.azure-dns.com OPT,0
116,"2025-06-04 06:50:26,404165",Asus.local,20.189.173.5,54,TCP,"50433  >  https(443) [FIN, ACK] Seq=1 Ack=1 Win=1021 Len=0",1
117,"2025-06-04 06:50:26,608653",20.189.173.5,Asus.local,54,TCP,"https(443)  >  50433 [FIN, ACK] Seq=1 Ack=2 Win=16386 Len=0",1
118,"2025-06-04 06:50:26,608705",Asus.local,20.189.173.5,54,TCP,50433  >  https(443) [ACK] Seq=2 Ack=2 Win=1021 Len=0,1
119,"2025-06-04 06:50:26,807403",Asus.local,224.77.77.77,155,UDP,63661  >  12177 Len=113,0
120,"2025-06-04 06:50:27,180400",Asus.local,lb-140-82-114-25-iad.github.com,55,TCP,49881  >  https(443) [ACK] Seq=1 Ack=1 Win=251 Len=1 [TCP PDU reassembled in 367],1
121,"2025-06-04 06:50:27,317326",BilianElectr_0a:d5:f9,Broadcast,42,ARP,Who has 192.168.1.1? Tell 192.168.1.6,1
122,"2025-06-04 06:50:27,320902",Asus.local,180.250.245.142,96,DNS,Standard query 0x9760 PTR 5.173.189.20.in-addr.arpa OPT,1
123,"2025-06-04 06:50:27,321006",Asus.local,180.250.245.142,97,DNS,Standard query 0xb743 PTR 25.114.82.140.in-addr.arpa OPT,1
124,"2025-06-04 06:50:27,382874",180.250.245.142,Asus.local,182,DNS,Standard query response 0x9760 No such name PTR 5.173.189.20.in-addr.arpa SOA ns1-02.azure-dns.com OPT,0
125,"2025-06-04 06:50:27,448888",lb-140-82-114-25-iad.github.com,Asus.local,66,TCP,https(443)  >  49881 [ACK] Seq=1 Ack=2 Win=74 Len=0 SLE=1 SRE=2,1
126,"2025-06-04 06:50:27,782811",180.250.245.142,Asus.local,142,DNS,Standard query response 0xb743 PTR 25.114.82.140.in-addr.arpa PTR lb-140-82-114-25-iad.github.com OPT,0
127,"2025-06-04 06:50:27,851799",Asus.local,2606:4700:20::ac43:4b27,86,TCP,50550  >  https(443) [SYN] Seq=0 Win=65535 Len=0 MSS=1440 WS=256 SACK_PERM,1
128,"2025-06-04 06:50:27,899923",Asus.local,mdns.mcast.net,87,MDNS,"Standard query 0x0000 PTR _spotify-connect._tcp.local, ""QM"" question",1
129,"2025-06-04 06:50:27,900303",Asus.local,180.250.245.133,92,DNS,Standard query 0x4ba0 AAAA extension.femetrics.grammarly.io,1
130,"2025-06-04 06:50:27,900364",Asus.local,ff02::fb,107,MDNS,"Standard query 0x0000 PTR _spotify-connect._tcp.local, ""QM"" question",1
131,"2025-06-04 06:50:27,900441",Asus.local,180.250.245.133,92,DNS,Standard query 0xa2db A extension.femetrics.grammarly.io,1
132,"2025-06-04 06:50:27,900567",Asus.local,180.250.245.133,92,DNS,Standard query 0x56f1 HTTPS extension.femetrics.grammarly.io,1
133,"2025-06-04 06:50:27,900655",Asus.local,ff02::fb,107,MDNS,"Standard query 0x0000 PTR _spotify-connect._tcp.local, ""QM"" question",1
134,"2025-06-04 06:50:27,900941",Asus.local,ff02::fb,107,MDNS,"Standard query 0x0000 PTR _spotify-connect._tcp.local, ""QM"" question",1
135,"2025-06-04 06:50:27,901306",Asus.local,ff02::fb,107,MDNS,"Standard query 0x0000 PTR _spotify-connect._tcp.local, ""QM"" question",1
136,"2025-06-04 06:50:27,904948",180.250.245.133,Asus.local,220,DNS,Standard query response 0xa2db A extension.femetrics.grammarly.io A 44.199.112.232 A 52.3.138.21 A 18.214.62.58 A 52.87.28.87 A 34.195.232.137 A 34.226.177.201 A 34.232.27.22 A 34.200.205.36,0
137,"2025-06-04 06:50:27,916321",180.250.245.133,Asus.local,179,DNS,Standard query response 0x56f1 HTTPS extension.femetrics.grammarly.io SOA ns-1688.awsdns-19.co.uk,0
138,"2025-06-04 06:50:27,967751",180.250.245.133,Asus.local,179,DNS,Standard query response 0x4ba0 AAAA extension.femetrics.grammarly.io SOA ns-1688.awsdns-19.co.uk,0
139,"2025-06-04 06:50:27,968156",Asus.local,extension.femetrics.grammarly.io,66,TCP,50551  >  https(443) [SYN] Seq=0 Win=65535 Len=0 MSS=1460 WS=256 SACK_PERM,1
140,"2025-06-04 06:50:28,206466",extension.femetrics.grammarly.io,Asus.local,66,TCP,"https(443)  >  50551 [SYN, ACK] Seq=0 Ack=1 Win=26883 Len=0 MSS=1452 SACK_PERM WS=256",1
141,"2025-06-04 06:50:28,206580",Asus.local,extension.femetrics.grammarly.io,54,TCP,50551  >  https(443) [ACK] Seq=1 Ack=1 Win=65280 Len=0,1
142,"2025-06-04 06:50:28,207247",Asus.local,extension.femetrics.grammarly.io,1966,TLSv1.2,Client Hello (SNI=extension.femetrics.grammarly.io),0
143,"2025-06-04 06:50:28,329083",Asus.local,180.250.245.142,143,DNS,Standard query 0xe453 PTR 7.2.b.4.3.4.c.a.0.0.0.0.0.0.0.0.0.0.0.0.0.2.0.0.0.0.7.4.6.0.6.2.ip6.arpa OPT,0
144,"2025-06-04 06:50:28,329180",Asus.local,180.250.245.142,99,DNS,Standard query 0x133c PTR 133.245.250.180.in-addr.arpa OPT,1
145,"2025-06-04 06:50:28,337195",180.250.245.142,Asus.local,99,DNS,Standard query response 0x133c Server failure PTR 133.245.250.180.in-addr.arpa OPT,1
146,"2025-06-04 06:50:28,381342",180.250.245.142,Asus.local,205,DNS,Standard query response 0xe453 No such name PTR 7.2.b.4.3.4.c.a.0.0.0.0.0.0.0.0.0.0.0.0.0.2.0.0.0.0.7.4.6.0.6.2.ip6.arpa SOA leah.ns.cloudflare.com OPT,0
147,"2025-06-04 06:50:28,461825",extension.femetrics.grammarly.io,Asus.local,54,TCP,https(443)  >  50551 [ACK] Seq=1 Ack=1453 Win=45056 Len=0,1
148,"2025-06-04 06:50:28,462675",extension.femetrics.grammarly.io,Asus.local,1506,TLSv1.2,Server Hello,0
149,"2025-06-04 06:50:28,462675",extension.femetrics.grammarly.io,Asus.local,56,TCP,https(443)  >  50551 [ACK] Seq=1 Ack=1913 Win=47872 Len=0,1
150,"2025-06-04 06:50:28,462675",extension.femetrics.grammarly.io,Asus.local,1506,TCP,https(443)  >  50551 [ACK] Seq=1453 Ack=1913 Win=47872 Len=1452 [TCP PDU reassembled in 151],0
151,"2025-06-04 06:50:28,462675",extension.femetrics.grammarly.io,Asus.local,1447,TLSv1.2,"Certificate, Server Key Exchange, Server Hello Done",0
152,"2025-06-04 06:50:28,462725",Asus.local,extension.femetrics.grammarly.io,54,TCP,50551  >  https(443) [ACK] Seq=1913 Ack=1453 Win=65280 Len=0,1
153,"2025-06-04 06:50:28,462825",Asus.local,extension.femetrics.grammarly.io,54,TCP,50551  >  https(443) [ACK] Seq=1913 Ack=4298 Win=65280 Len=0,1
154,"2025-06-04 06:50:28,504776",Asus.local,extension.femetrics.grammarly.io,180,TLSv1.2,"Client Key Exchange, Change Cipher Spec, Encrypted Handshake Message",0
155,"2025-06-04 06:50:28,505045",Asus.local,extension.femetrics.grammarly.io,153,TLSv1.2,Application Data,0
156,"2025-06-04 06:50:28,505269",Asus.local,extension.femetrics.grammarly.io,435,TLSv1.2,Application Data,0
157,"2025-06-04 06:50:28,505364",Asus.local,extension.femetrics.grammarly.io,12784,TLSv1.2,Application Data,0
158,"2025-06-04 06:50:28,745302",extension.femetrics.grammarly.io,Asus.local,258,TLSv1.2,"New Session Ticket, Change Cipher Spec, Encrypted Handshake Message",0
159,"2025-06-04 06:50:28,745302",extension.femetrics.grammarly.io,Asus.local,123,TLSv1.2,Application Data,1
160,"2025-06-04 06:50:28,745355",Asus.local,extension.femetrics.grammarly.io,54,TCP,50551  >  https(443) [ACK] Seq=15249 Ack=4571 Win=65024 Len=0,1
161,"2025-06-04 06:50:28,745558",Asus.local,extension.femetrics.grammarly.io,92,TLSv1.2,Application Data,1
162,"2025-06-04 06:50:28,748220",extension.femetrics.grammarly.io,Asus.local,92,TLSv1.2,Application Data,1
163,"2025-06-04 06:50:28,748220",extension.femetrics.grammarly.io,Asus.local,56,TCP,https(443)  >  50551 [ACK] Seq=4571 Ack=2519 Win=50688 Len=0,1
164,"2025-06-04 06:50:28,748247",Asus.local,extension.femetrics.grammarly.io,54,TCP,50551  >  https(443) [ACK] Seq=15287 Ack=4609 Win=65024 Len=0,1
165,"2025-06-04 06:50:28,751880",extension.femetrics.grammarly.io,Asus.local,56,TCP,https(443)  >  50551 [ACK] Seq=4609 Ack=5423 Win=86528 Len=0,1
166,"2025-06-04 06:50:28,751880",extension.femetrics.grammarly.io,Asus.local,56,TCP,https(443)  >  50551 [ACK] Seq=4609 Ack=8327 Win=104448 Len=0,1
167,"2025-06-04 06:50:28,752816",extension.femetrics.grammarly.io,Asus.local,56,TCP,https(443)  >  50551 [ACK] Seq=4609 Ack=11231 Win=108800 Len=0,1
168,"2025-06-04 06:50:28,754039",extension.femetrics.grammarly.io,Asus.local,56,TCP,https(443)  >  50551 [ACK] Seq=4609 Ack=14135 Win=108800 Len=0,1
169,"2025-06-04 06:50:28,798587",extension.femetrics.grammarly.io,Asus.local,56,TCP,https(443)  >  50551 [ACK] Seq=4609 Ack=15249 Win=108800 Len=0,1
170,"2025-06-04 06:50:28,813207",Asus.local,224.77.77.77,155,UDP,63661  >  12177 Len=113,0
171,"2025-06-04 06:50:28,859309",Asus.local,2606:4700:20::ac43:4b27,86,TCP,[TCP Retransmission] 50550  >  https(443) [SYN] Seq=0 Win=65535 Len=0 MSS=1440 WS=256 SACK_PERM,1
172,"2025-06-04 06:50:28,889593",Asus.local,133.1.158.34.bc.googleusercontent.com,65,TCP,"63600  >  tripe(4070) [PSH, ACK] Seq=1 Ack=1 Win=253 Len=11",1
173,"2025-06-04 06:50:28,983631",extension.femetrics.grammarly.io,Asus.local,56,TCP,https(443)  >  50551 [ACK] Seq=4609 Ack=15287 Win=108800 Len=0,1
174,"2025-06-04 06:50:29,086415",133.1.158.34.bc.googleusercontent.com,Asus.local,65,TCP,"tripe(4070)  >  63600 [PSH, ACK] Seq=1 Ack=12 Win=33 Len=11",1
175,"2025-06-04 06:50:29,137084",Asus.local,133.1.158.34.bc.googleusercontent.com,54,TCP,63600  >  tripe(4070) [ACK] Seq=12 Ack=12 Win=253 Len=0,1
176,"2025-06-04 06:50:29,334135",Asus.local,180.250.245.142,99,DNS,Standard query 0x133c PTR 133.245.250.180.in-addr.arpa OPT,1
177,"2025-06-04 06:50:29,338459",180.250.245.142,Asus.local,99,DNS,Standard query response 0x133c Server failure PTR 133.245.250.180.in-addr.arpa OPT,1
178,"2025-06-04 06:50:29,415106",Asus.local,52.182.143.210,54,TCP,"50549  >  https(443) [RST, ACK] Seq=1 Ack=1 Win=0 Len=0",1
179,"2025-06-04 06:50:29,573641",extension.femetrics.grammarly.io,Asus.local,426,TLSv1.2,Application Data,0
180,"2025-06-04 06:50:29,617508",Asus.local,extension.femetrics.grammarly.io,54,TCP,50551  >  https(443) [ACK] Seq=15287 Ack=4981 Win=64768 Len=0,1
181,"2025-06-04 06:50:30,347454",Asus.local,180.250.245.142,96,DNS,Standard query 0x660a PTR 133.1.158.34.in-addr.arpa OPT,1
182,"2025-06-04 06:50:30,347573",Asus.local,180.250.245.142,98,DNS,Standard query 0xf078 PTR 210.143.182.52.in-addr.arpa OPT,1
183,"2025-06-04 06:50:30,347610",Asus.local,180.250.245.142,99,DNS,Standard query 0x133c PTR 133.245.250.180.in-addr.arpa OPT,1
184,"2025-06-04 06:50:30,356371",180.250.245.142,Asus.local,99,DNS,Standard query response 0x133c Server failure PTR 133.245.250.180.in-addr.arpa OPT,1
185,"2025-06-04 06:50:30,432901",Asus.local,2001:4489:50a:101::2,97,DNS,Standard query 0x3d00 A ops.gx.nvidia.com,1
186,"2025-06-04 06:50:30,433123",Asus.local,2001:4489:50a:101::2,97,DNS,Standard query 0x5750 AAAA ops.gx.nvidia.com,1
187,"2025-06-04 06:50:30,534508",Asus.local,180.250.245.142,77,DNS,Standard query 0x5750 AAAA ops.gx.nvidia.com,1
188,"2025-06-04 06:50:30,534508",Asus.local,180.250.245.142,77,DNS,Standard query 0x3d00 A ops.gx.nvidia.com,1
189,"2025-06-04 06:50:30,544476",180.250.245.142,Asus.local,182,DNS,Standard query response 0x3d00 A ops.gx.nvidia.com CNAME ops.gx.nvidia.com.edgesuite.net CNAME a543.d.akamai.net A 23.219.204.219 A 23.219.204.235,0
190,"2025-06-04 06:50:30,580696",180.250.245.142,Asus.local,208,DNS,Standard query response 0x5750 AAAA ops.gx.nvidia.com CNAME ops.gx.nvidia.com.edgesuite.net CNAME a543.d.akamai.net SOA n0d.akamai.net,0
191,"2025-06-04 06:50:30,581627",Asus.local,a543.d.akamai.net,66,TCP,50552  >  https(443) [SYN] Seq=0 Win=65535 Len=0 MSS=1460 WS=256 SACK_PERM,1
192,"2025-06-04 06:50:30,588623",a543.d.akamai.net,Asus.local,66,TCP,"https(443)  >  50552 [SYN, ACK] Seq=0 Ack=1 Win=64240 Len=0 MSS=1384 SACK_PERM WS=128",1
193,"2025-06-04 06:50:30,588681",Asus.local,a543.d.akamai.net,54,TCP,50552  >  https(443) [ACK] Seq=1 Ack=1 Win=65280 Len=0,1
194,"2025-06-04 06:50:30,589117",Asus.local,a543.d.akamai.net,236,TLSv1.2,Client Hello (SNI=ops.gx.nvidia.com),0
195,"2025-06-04 06:50:30,593743",a543.d.akamai.net,Asus.local,54,TCP,https(443)  >  50552 [ACK] Seq=1 Ack=183 Win=64128 Len=0,1
196,"2025-06-04 06:50:30,616477",a543.d.akamai.net,Asus.local,1506,TCP,"[TCP Previous segment not captured] https(443)  >  50552 [PSH, ACK] Seq=1453 Ack=183 Win=64128 Len=1452",0
197,"2025-06-04 06:50:30,616477",a543.d.akamai.net,Asus.local,248,TLSv1.2,Ignored Unknown Record,0
198,"2025-06-04 06:50:30,616506",Asus.local,a543.d.akamai.net,66,TCP,[TCP Dup ACK 193#1] 50552  >  https(443) [ACK] Seq=183 Ack=1 Win=65280 Len=0 SLE=1453 SRE=2905,1
199,"2025-06-04 06:50:30,616527",Asus.local,a543.d.akamai.net,66,TCP,[TCP Dup ACK 193#2] 50552  >  https(443) [ACK] Seq=183 Ack=1 Win=65280 Len=0 SLE=1453 SRE=3099,1
200,"2025-06-04 06:50:30,618254",a543.d.akamai.net,Asus.local,1506,TLSv1.2,"[TCP Fast Retransmission] , Server Hello",0
201,"2025-06-04 06:50:30,618300",Asus.local,a543.d.akamai.net,54,TCP,50552  >  https(443) [ACK] Seq=183 Ack=3099 Win=65280 Len=0,1
202,"2025-06-04 06:50:30,620076",Asus.local,a543.d.akamai.net,180,TLSv1.2,"Client Key Exchange, Change Cipher Spec, Encrypted Handshake Message",0
203,"2025-06-04 06:50:30,626412",a543.d.akamai.net,Asus.local,56,TCP,https(443)  >  50552 [ACK] Seq=3099 Ack=309 Win=64128 Len=0,1
204,"2025-06-04 06:50:30,673137",a543.d.akamai.net,Asus.local,312,TLSv1.2,"New Session Ticket, Change Cipher Spec, Encrypted Handshake Message",0
205,"2025-06-04 06:50:30,676340",Asus.local,a543.d.akamai.net,302,TLSv1.2,Application Data,0
206,"2025-06-04 06:50:30,683808",a543.d.akamai.net,Asus.local,490,TLSv1.2,Application Data,0
207,"2025-06-04 06:50:30,683808",a543.d.akamai.net,Asus.local,85,TLSv1.2,Encrypted Alert,1
208,"2025-06-04 06:50:30,683808",a543.d.akamai.net,Asus.local,54,TCP,"https(443)  >  50552 [FIN, ACK] Seq=3824 Ack=557 Win=64128 Len=0",1
209,"2025-06-04 06:50:30,683852",Asus.local,a543.d.akamai.net,54,TCP,50552  >  https(443) [ACK] Seq=557 Ack=3825 Win=64768 Len=0,1
210,"2025-06-04 06:50:30,683922",Asus.local,a543.d.akamai.net,85,TLSv1.2,Encrypted Alert,1
211,"2025-06-04 06:50:30,683952",Asus.local,a543.d.akamai.net,54,TCP,"50552  >  https(443) [FIN, ACK] Seq=588 Ack=3825 Win=64768 Len=0",1
212,"2025-06-04 06:50:30,723800",a543.d.akamai.net,Asus.local,54,TCP,"[TCP Retransmission] https(443)  >  50552 [FIN, ACK] Seq=3824 Ack=557 Win=64128 Len=0",1
213,"2025-06-04 06:50:30,723833",Asus.local,a543.d.akamai.net,54,TCP,[TCP Dup ACK 209#1] 50552  >  https(443) [ACK] Seq=589 Ack=3825 Win=64768 Len=0,1
214,"2025-06-04 06:50:30,768599",a543.d.akamai.net,Asus.local,54,TCP,https(443)  >  50552 [RST] Seq=3825 Win=0 Len=0,1
215,"2025-06-04 06:50:30,768599",180.250.245.142,Asus.local,147,DNS,Standard query response 0x660a PTR 133.1.158.34.in-addr.arpa PTR 133.1.158.34.bc.googleusercontent.com OPT,1
216,"2025-06-04 06:50:30,828497",Asus.local,224.77.77.77,155,UDP,63661  >  12177 Len=113,1
217,"2025-06-04 06:50:30,874159",Asus.local,2606:4700:20::ac43:4b27,86,TCP,[TCP Retransmission] 50550  >  https(443) [SYN] Seq=0 Win=65535 Len=0 MSS=1440 WS=256 SACK_PERM,1
218,"2025-06-04 06:50:31,189505",180.250.245.142,Asus.local,172,DNS,Standard query response 0xf078 No such name PTR 210.143.182.52.in-addr.arpa SOA ns1-201.azure-dns.com OPT,1
219,"2025-06-04 06:50:31,743809",Asus.local,2001:4489:50a:101::2,101,DNS,Standard query 0xb23c AAAA events.gfe.nvidia.com,1
220,"2025-06-04 06:50:31,851092",Asus.local,180.250.245.142,81,DNS,Standard query 0xb23c AAAA events.gfe.nvidia.com,1
221,"2025-06-04 06:50:31,885298",180.250.245.142,Asus.local,146,DNS,Standard query response 0xb23c AAAA events.gfe.nvidia.com SOA dns1.p07.nsone.net,1
222,"2025-06-04 06:50:31,885806",Asus.local,72.25.64.2,66,TCP,50553  >  https(443) [SYN] Seq=0 Win=65535 Len=0 MSS=1460 WS=256 SACK_PERM,1
223,"2025-06-04 06:50:32,099673",72.25.64.2,Asus.local,66,TCP,"https(443)  >  50553 [SYN, ACK] Seq=0 Ack=1 Win=32768 Len=0 MSS=1440 WS=256 SACK_PERM",1
224,"2025-06-04 06:50:32,099764",Asus.local,72.25.64.2,54,TCP,50553  >  https(443) [ACK] Seq=1 Ack=1 Win=65280 Len=0,1
225,"2025-06-04 06:50:32,100158",Asus.local,72.25.64.2,258,TLSv1.2,Client Hello (SNI=events.gfe.nvidia.com),0
226,"2025-06-04 06:50:32,316168",72.25.64.2,Asus.local,1494,TCP,"https(443)  >  50553 [PSH, ACK] Seq=1 Ack=205 Win=130816 Len=1440 [TCP PDU reassembled in 228]",0
227,"2025-06-04 06:50:32,316168",72.25.64.2,Asus.local,1494,TCP,"https(443)  >  50553 [PSH, ACK] Seq=1441 Ack=205 Win=130816 Len=1440 [TCP PDU reassembled in 228]",0
228,"2025-06-04 06:50:32,316168",72.25.64.2,Asus.local,513,TLSv1.2,"Server Hello, Certificate",0
229,"2025-06-04 06:50:32,316238",Asus.local,72.25.64.2,54,TCP,50553  >  https(443) [ACK] Seq=205 Ack=3340 Win=65280 Len=0,1
230,"2025-06-04 06:50:32,316519",72.25.64.2,Asus.local,396,TLSv1.2,"Server Key Exchange, Server Hello Done",0
231,"2025-06-04 06:50:32,316548",Asus.local,72.25.64.2,54,TCP,50553  >  https(443) [ACK] Seq=205 Ack=3682 Win=65024 Len=0,1
232,"2025-06-04 06:50:32,317836",Asus.local,72.25.64.2,236,TLSv1.2,"Client Key Exchange, Change Cipher Spec, Encrypted Handshake Message",0
233,"2025-06-04 06:50:32,349882",Asus.local,180.250.245.142,94,DNS,Standard query 0x8c6b PTR 2.64.25.72.in-addr.arpa OPT,1
234,"2025-06-04 06:50:32,531532",72.25.64.2,Asus.local,56,TCP,https(443)  >  50553 [ACK] Seq=3682 Ack=387 Win=130816 Len=0,1
235,"2025-06-04 06:50:32,531988",72.25.64.2,Asus.local,60,TLSv1.2,Change Cipher Spec,1
236,"2025-06-04 06:50:32,532181",72.25.64.2,Asus.local,155,TLSv1.2,Encrypted Handshake Message,1
237,"2025-06-04 06:50:32,532202",Asus.local,72.25.64.2,54,TCP,50553  >  https(443) [ACK] Seq=387 Ack=3789 Win=65024 Len=0,1
238,"2025-06-04 06:50:32,574605",Asus.local,72.25.64.2,427,TLSv1.2,Application Data,0
239,"2025-06-04 06:50:32,574684",Asus.local,72.25.64.2,779,TLSv1.2,Application Data,0
240,"2025-06-04 06:50:32,584754",Asus.local,44.224.186.35.bc.googleusercontent.com,82,TLSv1.2,Application Data,1
241,"2025-06-04 06:50:32,604118",44.224.186.35.bc.googleusercontent.com,Asus.local,56,TCP,https(443)  >  50914 [ACK] Seq=1 Ack=29 Win=1050 Len=0,1
242,"2025-06-04 06:50:32,787700",72.25.64.2,Asus.local,56,TCP,https(443)  >  50553 [ACK] Seq=3789 Ack=760 Win=130560 Len=0,1
243,"2025-06-04 06:50:32,789707",72.25.64.2,Asus.local,56,TCP,https(443)  >  50553 [ACK] Seq=3789 Ack=1485 Win=130048 Len=0,1
244,"2025-06-04 06:50:32,790787",72.25.64.2,Asus.local,459,TLSv1.2,Application Data,0
245,"2025-06-04 06:50:32,790787",72.25.64.2,Asus.local,139,TLSv1.2,Encrypted Alert,1
246,"2025-06-04 06:50:32,790835",Asus.local,72.25.64.2,54,TCP,50553  >  https(443) [ACK] Seq=1485 Ack=4280 Win=64512 Len=0,1
247,"2025-06-04 06:50:32,790928",Asus.local,72.25.64.2,139,TLSv1.2,Encrypted Alert,1
248,"2025-06-04 06:50:32,790965",Asus.local,72.25.64.2,54,TCP,"50553  >  https(443) [FIN, ACK] Seq=1570 Ack=4280 Win=64512 Len=0",1
249,"2025-06-04 06:50:32,828252",180.250.245.142,Asus.local,156,DNS,Standard query response 0x8c6b No such name PTR 2.64.25.72.in-addr.arpa SOA dns2.nvidia.com OPT,1
250,"2025-06-04 06:50:32,832637",Asus.local,224.77.77.77,155,UDP,63661  >  12177 Len=113,1
251,"2025-06-04 06:50:33,003754",72.25.64.2,Asus.local,54,TCP,https(443)  >  50553 [ACK] Seq=4280 Ack=1571 Win=131072 Len=0,1
252,"2025-06-04 06:50:33,130141",Asus.local,239.255.255.250,167,SSDP,M-SEARCH * HTTP/1.1 ,1
253,"2025-06-04 06:50:33,344610",Asus.local,180.250.245.142,97,DNS,Standard query 0xa5b9 PTR 44.224.186.35.in-addr.arpa OPT,1
254,"2025-06-04 06:50:33,460016",180.250.245.142,Asus.local,149,DNS,Standard query response 0xa5b9 PTR 44.224.186.35.in-addr.arpa PTR 44.224.186.35.bc.googleusercontent.com OPT,1
255,"2025-06-04 06:50:34,145497",Asus.local,2001:4489:50a:101::2,114,DNS,Standard query 0x461f A p2p-lax1.discovery.steamserver.net,1
256,"2025-06-04 06:50:34,148634",Asus.local,2001:4489:50a:101::2,107,DNS,Standard query 0xa6eb A prod.otel.kaizen.nvidia.com,1
257,"2025-06-04 06:50:34,148781",Asus.local,2001:4489:50a:101::2,107,DNS,Standard query 0x283a AAAA prod.otel.kaizen.nvidia.com,1
258,"2025-06-04 06:50:34,240038",Asus.local,180.250.245.142,94,DNS,Standard query 0x461f A p2p-lax1.discovery.steamserver.net,1
259,"2025-06-04 06:50:34,243282",180.250.245.142,Asus.local,126,DNS,Standard query response 0x461f A p2p-lax1.discovery.steamserver.net A 162.254.195.71 A 162.254.195.66,1
260,"2025-06-04 06:50:34,256005",Asus.local,180.250.245.142,87,DNS,Standard query 0x283a AAAA prod.otel.kaizen.nvidia.com,1
261,"2025-06-04 06:50:34,256005",Asus.local,180.250.245.142,87,DNS,Standard query 0xa6eb A prod.otel.kaizen.nvidia.com,1
262,"2025-06-04 06:50:34,259267",180.250.245.142,Asus.local,135,DNS,Standard query response 0xa6eb A prod.otel.kaizen.nvidia.com A 13.114.167.208 A 52.199.50.3 A 35.73.6.249,1
263,"2025-06-04 06:50:34,348898",Asus.local,180.250.245.142,99,DNS,Standard query 0xbf74 PTR 250.255.255.239.in-addr.arpa OPT,1
264,"2025-06-04 06:50:34,452852",180.250.245.142,Asus.local,168,DNS,Standard query response 0x283a AAAA prod.otel.kaizen.nvidia.com SOA ns-542.awsdns-03.net,1
265,"2025-06-04 06:50:34,453369",Asus.local,prod.otel.kaizen.nvidia.com,66,TCP,50554  >  https(443) [SYN] Seq=0 Win=65535 Len=0 MSS=1460 WS=256 SACK_PERM,1
266,"2025-06-04 06:50:34,561185",prod.otel.kaizen.nvidia.com,Asus.local,66,TCP,"https(443)  >  50554 [SYN, ACK] Seq=0 Ack=1 Win=26883 Len=0 MSS=1452 SACK_PERM WS=256",1
267,"2025-06-04 06:50:34,561263",Asus.local,prod.otel.kaizen.nvidia.com,54,TCP,50554  >  https(443) [ACK] Seq=1 Ack=1 Win=65280 Len=0,1
268,"2025-06-04 06:50:34,561674",Asus.local,prod.otel.kaizen.nvidia.com,264,TLSv1.2,Client Hello (SNI=prod.otel.kaizen.nvidia.com),0
269,"2025-06-04 06:50:34,666198",prod.otel.kaizen.nvidia.com,Asus.local,54,TCP,https(443)  >  50554 [ACK] Seq=1 Ack=211 Win=28160 Len=0,1
270,"2025-06-04 06:50:34,666572",prod.otel.kaizen.nvidia.com,Asus.local,1506,TLSv1.2,Server Hello,0
271,"2025-06-04 06:50:34,666816",prod.otel.kaizen.nvidia.com,Asus.local,1506,TCP,https(443)  >  50554 [ACK] Seq=1453 Ack=211 Win=28160 Len=1452 [TCP PDU reassembled in 272],0
272,"2025-06-04 06:50:34,666816",prod.otel.kaizen.nvidia.com,Asus.local,1397,TLSv1.2,"Certificate, Server Key Exchange, Server Hello Done",0
273,"2025-06-04 06:50:34,666866",Asus.local,prod.otel.kaizen.nvidia.com,54,TCP,50554  >  https(443) [ACK] Seq=211 Ack=4248 Win=65280 Len=0,1
274,"2025-06-04 06:50:34,668655",Asus.local,prod.otel.kaizen.nvidia.com,147,TLSv1.2,"Client Key Exchange, Change Cipher Spec, Encrypted Handshake Message",1
275,"2025-06-04 06:50:34,769873",180.250.245.142,Asus.local,156,DNS,Standard query response 0xbf74 No such name PTR 250.255.255.239.in-addr.arpa SOA sns.dns.icann.org OPT,1
276,"2025-06-04 06:50:34,773885",prod.otel.kaizen.nvidia.com,Asus.local,258,TLSv1.2,"New Session Ticket, Change Cipher Spec, Encrypted Handshake Message",0
277,"2025-06-04 06:50:34,773885",prod.otel.kaizen.nvidia.com,Asus.local,123,TLSv1.2,Application Data,1
278,"2025-06-04 06:50:34,773917",Asus.local,prod.otel.kaizen.nvidia.com,54,TCP,50554  >  https(443) [ACK] Seq=304 Ack=4521 Win=65024 Len=0,1
279,"2025-06-04 06:50:34,776247",Asus.local,prod.otel.kaizen.nvidia.com,141,TLSv1.2,Application Data,1
280,"2025-06-04 06:50:34,776287",Asus.local,prod.otel.kaizen.nvidia.com,181,TLSv1.2,Application Data,1
281,"2025-06-04 06:50:34,776337",Asus.local,prod.otel.kaizen.nvidia.com,92,TLSv1.2,Application Data,1
282,"2025-06-04 06:50:34,776387",Asus.local,prod.otel.kaizen.nvidia.com,1221,TLSv1.2,Application Data,0
283,"2025-06-04 06:50:34,846487",Asus.local,224.77.77.77,155,UDP,63661  >  12177 Len=113,1
284,"2025-06-04 06:50:34,876975",Asus.local,2606:4700:20::ac43:4b27,86,TCP,[TCP Retransmission] 50550  >  https(443) [SYN] Seq=0 Win=65535 Len=0 MSS=1440 WS=256 SACK_PERM,1
285,"2025-06-04 06:50:34,879896",prod.otel.kaizen.nvidia.com,Asus.local,56,TCP,https(443)  >  50554 [ACK] Seq=4521 Ack=556 Win=28160 Len=0,1
286,"2025-06-04 06:50:34,879896",prod.otel.kaizen.nvidia.com,Asus.local,92,TLSv1.2,Application Data,1
287,"2025-06-04 06:50:34,880911",prod.otel.kaizen.nvidia.com,Asus.local,304,TLSv1.2,Application Data,0
288,"2025-06-04 06:50:34,880911",prod.otel.kaizen.nvidia.com,Asus.local,92,TLSv1.2,Application Data,1
289,"2025-06-04 06:50:34,880940",Asus.local,prod.otel.kaizen.nvidia.com,54,TCP,50554  >  https(443) [ACK] Seq=1723 Ack=4847 Win=64768 Len=0,1
290,"2025-06-04 06:50:34,882135",Asus.local,prod.otel.kaizen.nvidia.com,54,TCP,"50554  >  https(443) [FIN, ACK] Seq=1723 Ack=4847 Win=64768 Len=0",1
291,"2025-06-04 06:50:34,985150",prod.otel.kaizen.nvidia.com,Asus.local,54,TCP,"[TCP Previous segment not captured] https(443)  >  50554 [FIN, ACK] Seq=4878 Ack=1724 Win=46080 Len=0",1
292,"2025-06-04 06:50:34,985150",prod.otel.kaizen.nvidia.com,Asus.local,85,TCP,"[TCP Out-Of-Order] https(443)  >  50554 [PSH, ACK] Seq=4847 Ack=1724 Win=46080 Len=31",1
293,"2025-06-04 06:50:34,985178",Asus.local,prod.otel.kaizen.nvidia.com,54,TCP,[TCP Dup ACK 289#1] 50554  >  https(443) [ACK] Seq=1724 Ack=4847 Win=64768 Len=0,1
294,"2025-06-04 06:50:34,985212",Asus.local,prod.otel.kaizen.nvidia.com,54,TCP,"50554  >  https(443) [RST, ACK] Seq=1724 Ack=4878 Win=0 Len=0",1
295,"2025-06-04 06:50:34,996422",BilianElectr_0a:cc:ef,Broadcast,42,ARP,Who has 192.168.1.1? Tell 192.168.1.3,1
296,"2025-06-04 06:50:35,087871",prod.otel.kaizen.nvidia.com,Asus.local,54,TCP,https(443)  >  50554 [RST] Seq=4847 Win=0 Len=0,1
297,"2025-06-04 06:50:35,297234",Asus.local,fe80::1,86,ICMPv6,Neighbor Solicitation for fe80::1 from b0:a4:60:b7:fb:5b,1
298,"2025-06-04 06:50:35,299429",fe80::1,Asus.local,78,ICMPv6,"Neighbor Advertisement fe80::1 (rtr, sol)",1
299,"2025-06-04 06:50:35,542617",zte_84:56:7e,Asus.local,42,ARP,Who has 192.168.1.18? Tell 192.168.1.1,1
300,"2025-06-04 06:50:35,542630",Asus.local,zte_84:56:7e,42,ARP,192.168.1.18 is at b0:a4:60:b7:fb:5b,1
301,"2025-06-04 06:50:35,949650",Asus.local,192.168.1.255,86,UDP,57621  >  57621 Len=44,1
302,"2025-06-04 06:50:36,052092",Asus.local,2001:4489:50a:101::2,112,DNS,Standard query 0xadb7 A mobile.events.data.microsoft.com,1
303,"2025-06-04 06:50:36,052276",Asus.local,2001:4489:50a:101::2,112,DNS,Standard query 0x3280 AAAA mobile.events.data.microsoft.com,1
304,"2025-06-04 06:50:36,152800",Asus.local,180.250.245.142,92,DNS,Standard query 0x3280 AAAA mobile.events.data.microsoft.com,1
305,"2025-06-04 06:50:36,152800",Asus.local,180.250.245.142,92,DNS,Standard query 0xadb7 A mobile.events.data.microsoft.com,1
306,"2025-06-04 06:50:36,155618",180.250.245.142,Asus.local,212,DNS,Standard query response 0xadb7 A mobile.events.data.microsoft.com CNAME mobile.events.data.trafficmanager.net CNAME onedscolprdeus04.eastus.cloudapp.azure.com A 52.168.112.67,1
307,"2025-06-04 06:50:36,171273",180.250.245.142,Asus.local,261,DNS,Standard query response 0x3280 AAAA mobile.events.data.microsoft.com CNAME mobile.events.data.trafficmanager.net CNAME onedscolprdweu03.westeurope.cloudapp.azure.com SOA ns1-201.azure-dns.com,1
308,"2025-06-04 06:50:36,171874",Asus.local,onedscolprdeus04.eastus.cloudapp.azure.com,66,TCP,50555  >  https(443) [SYN] Seq=0 Win=65535 Len=0 MSS=1460 WS=256 SACK_PERM,1
309,"2025-06-04 06:50:36,340094",Asus.local,180.250.245.142,143,DNS,Standard query 0xfa62 PTR 1.0.0.0.0.0.0.0.0.0.0.0.0.0.0.0.0.0.0.0.0.0.0.0.0.0.0.0.0.8.e.f.ip6.arpa OPT,1
310,"2025-06-04 06:50:36,340194",Asus.local,180.250.245.142,95,DNS,Standard query 0xb61f PTR 1.1.168.192.in-addr.arpa OPT,1
311,"2025-06-04 06:50:36,340259",Asus.local,180.250.245.142,97,DNS,Standard query 0x646f PTR 255.1.168.192.in-addr.arpa OPT,1
312,"2025-06-04 06:50:36,348373",180.250.245.142,Asus.local,172,DNS,Standard query response 0xb61f No such name PTR 1.1.168.192.in-addr.arpa SOA prisoner.iana.org OPT,1
313,"2025-06-04 06:50:36,394211",180.250.245.142,Asus.local,207,DNS,Standard query response 0xfa62 No such name PTR 1.0.0.0.0.0.0.0.0.0.0.0.0.0.0.0.0.0.0.0.0.0.0.0.0.0.0.0.0.8.e.f.ip6.arpa SOA b.ip6-servers.arpa OPT,1
314,"2025-06-04 06:50:36,395129",180.250.245.142,Asus.local,174,DNS,Standard query response 0x646f No such name PTR 255.1.168.192.in-addr.arpa SOA prisoner.iana.org OPT,1
315,"2025-06-04 06:50:36,430724",onedscolprdeus04.eastus.cloudapp.azure.com,Asus.local,66,TCP,"https(443)  >  50555 [SYN, ACK] Seq=0 Ack=1 Win=65535 Len=0 MSS=1440 WS=256 SACK_PERM",1
316,"2025-06-04 06:50:36,430815",Asus.local,onedscolprdeus04.eastus.cloudapp.azure.com,54,TCP,50555  >  https(443) [ACK] Seq=1 Ack=1 Win=65280 Len=0,1
317,"2025-06-04 06:50:36,431198",Asus.local,onedscolprdeus04.eastus.cloudapp.azure.com,571,TLSv1.3,Client Hello (SNI=mobile.events.data.microsoft.com),0
318,"2025-06-04 06:50:36,659782",ec2-44-206-106-120.compute-1.amazonaws.com,Asus.local,78,TLSv1.2,Application Data,1
319,"2025-06-04 06:50:36,659782",ec2-44-206-106-120.compute-1.amazonaws.com,Asus.local,54,TCP,"https(443)  >  50479 [FIN, ACK] Seq=25 Ack=1 Win=320 Len=0",1
320,"2025-06-04 06:50:36,659901",Asus.local,ec2-44-206-106-120.compute-1.amazonaws.com,54,TCP,50479  >  https(443) [ACK] Seq=1 Ack=26 Win=255 Len=0,1
321,"2025-06-04 06:50:36,687080",onedscolprdeus04.eastus.cloudapp.azure.com,Asus.local,153,TLSv1.3,"Hello Retry Request, Change Cipher Spec",1
322,"2025-06-04 06:50:36,687831",Asus.local,onedscolprdeus04.eastus.cloudapp.azure.com,491,TLSv1.3,"Change Cipher Spec, Client Hello (SNI=mobile.events.data.microsoft.com)",0
323,"2025-06-04 06:50:36,856206",Asus.local,224.77.77.77,155,UDP,63661  >  12177 Len=113,1
324,"2025-06-04 06:50:36,940866",onedscolprdeus04.eastus.cloudapp.azure.com,Asus.local,1506,TLSv1.3,Server Hello,0
325,"2025-06-04 06:50:36,942358",onedscolprdeus04.eastus.cloudapp.azure.com,Asus.local,1506,TCP,https(443)  >  50555 [ACK] Seq=1552 Ack=955 Win=4193792 Len=1452 [TCP PDU reassembled in 327],0
326,"2025-06-04 06:50:36,942358",onedscolprdeus04.eastus.cloudapp.azure.com,Asus.local,1506,TCP,https(443)  >  50555 [ACK] Seq=3004 Ack=955 Win=4193792 Len=1452 [TCP PDU reassembled in 327],0
327,"2025-06-04 06:50:36,942358",onedscolprdeus04.eastus.cloudapp.azure.com,Asus.local,233,TLSv1.3,Application Data,1
328,"2025-06-04 06:50:36,942396",Asus.local,onedscolprdeus04.eastus.cloudapp.azure.com,54,TCP,50555  >  https(443) [ACK] Seq=955 Ack=4635 Win=65280 Len=0,1
329,"2025-06-04 06:50:36,943253",Asus.local,onedscolprdeus04.eastus.cloudapp.azure.com,3379,TLSv1.3,"Application Data, Application Data",0
330,"2025-06-04 06:50:37,195863",onedscolprdeus04.eastus.cloudapp.azure.com,Asus.local,56,TCP,https(443)  >  50555 [ACK] Seq=4635 Ack=4280 Win=4194816 Len=0,1
331,"2025-06-04 06:50:37,195863",onedscolprdeus04.eastus.cloudapp.azure.com,Asus.local,157,TLSv1.3,Application Data,1
332,"2025-06-04 06:50:37,196548",onedscolprdeus04.eastus.cloudapp.azure.com,Asus.local,518,TLSv1.3,Application Data,0
333,"2025-06-04 06:50:37,196587",Asus.local,onedscolprdeus04.eastus.cloudapp.azure.com,54,TCP,50555  >  https(443) [ACK] Seq=4280 Ack=5203 Win=64768 Len=0,1
334,"2025-06-04 06:50:37,196927",Asus.local,onedscolprdeus04.eastus.cloudapp.azure.com,78,TLSv1.3,Application Data,1
335,"2025-06-04 06:50:37,196994",Asus.local,onedscolprdeus04.eastus.cloudapp.azure.com,54,TCP,"50555  >  https(443) [FIN, ACK] Seq=4304 Ack=5203 Win=64768 Len=0",1
336,"2025-06-04 06:50:37,353582",Asus.local,180.250.245.142,98,DNS,Standard query 0xea0a PTR 120.106.206.44.in-addr.arpa OPT,1
337,"2025-06-04 06:50:37,447194",onedscolprdeus04.eastus.cloudapp.azure.com,Asus.local,54,TCP,https(443)  >  50555 [ACK] Seq=5203 Ack=4305 Win=4194560 Len=0,1
338,"2025-06-04 06:50:37,491020",20.195.84.23,Asus.local,258,TLSv1.2,Application Data,0
339,"2025-06-04 06:50:37,491020",20.195.84.23,Asus.local,85,TLSv1.2,Application Data,1
340,"2025-06-04 06:50:37,491082",Asus.local,20.195.84.23,54,TCP,65399  >  https(443) [ACK] Seq=1915 Ack=510 Win=255 Len=0,1
341,"2025-06-04 06:50:37,491274",Asus.local,20.195.84.23,106,TLSv1.2,Application Data,1
342,"2025-06-04 06:50:37,492198",Asus.local,20.195.84.23,1916,TLSv1.2,Application Data,0
343,"2025-06-04 06:50:37,500198",Asus.local,44.224.186.35.bc.googleusercontent.com,97,TLSv1.2,Application Data,1
344,"2025-06-04 06:50:37,518555",20.195.84.23,Asus.local,56,TCP,https(443)  >  65399 [ACK] Seq=510 Ack=1967 Win=4409 Len=0,1
345,"2025-06-04 06:50:37,518555",20.195.84.23,Asus.local,56,TCP,[TCP Dup ACK 344#1] https(443)  >  65399 [ACK] Seq=510 Ack=1967 Win=4409 Len=0,1
346,"2025-06-04 06:50:37,518717",20.195.84.23,Asus.local,93,TLSv1.2,Application Data,1
347,"2025-06-04 06:50:37,520210",44.224.186.35.bc.googleusercontent.com,Asus.local,56,TCP,https(443)  >  63638 [ACK] Seq=1 Ack=44 Win=1043 Len=0,1
348,"2025-06-04 06:50:37,520364",20.195.84.23,Asus.local,56,TCP,https(443)  >  65399 [ACK] Seq=549 Ack=3829 Win=4454 Len=0,1
349,"2025-06-04 06:50:37,568219",Asus.local,20.195.84.23,54,TCP,65399  >  https(443) [ACK] Seq=3829 Ack=549 Win=255 Len=0,1
350,"2025-06-04 06:50:37,823980",44.224.186.35.bc.googleusercontent.com,Asus.local,94,TLSv1.2,Application Data,1
351,"2025-06-04 06:50:37,846184",180.250.245.142,Asus.local,287,DNS,Standard query response 0xea0a PTR 120.106.206.44.in-addr.arpa PTR ec2-44-206-106-120.compute-1.amazonaws.com NS ns1-24-us-east-1.ec2-rdns.amazonaws.com NS ns2-24-us-east-1.ec2-rdns.amazonaws.com NS ns3-24-us-east-1.ec2-rdns.amazonaws.com NS ns4-24-us-east-1.ec2-rdns.amazonaws.com OPT,1
352,"2025-06-04 06:50:37,879469",Asus.local,44.224.186.35.bc.googleusercontent.com,54,TCP,63638  >  https(443) [ACK] Seq=44 Ack=41 Win=507 Len=0,1
353,"2025-06-04 06:50:38,273773",BilianElectr_0a:d5:f9,Broadcast,42,ARP,Who has 192.168.1.1? Tell 192.168.1.6,1
354,"2025-06-04 06:50:38,863927",Asus.local,224.77.77.77,155,UDP,63661  >  12177 Len=113,1
355,"2025-06-04 06:50:40,299248",fe80::1,Asus.local,86,ICMPv6,Neighbor Solicitation for fe80::d015:57cc:7463:7b6 from e4:ca:12:84:56:7e,1
356,"2025-06-04 06:50:40,299398",Asus.local,fe80::1,86,ICMPv6,"Neighbor Advertisement fe80::d015:57cc:7463:7b6 (sol, ovr) is at b0:a4:60:b7:fb:5b",1
357,"2025-06-04 06:50:40,859868",20.195.84.16,Asus.local,258,TLSv1.2,Application Data,1
358,"2025-06-04 06:50:40,859868",20.195.84.16,Asus.local,85,TLSv1.2,Application Data,1
359,"2025-06-04 06:50:40,859912",Asus.local,20.195.84.16,54,TCP,65288  >  https(443) [ACK] Seq=2016 Ack=510 Win=250 Len=0,1
360,"2025-06-04 06:50:40,860074",Asus.local,20.195.84.16,106,TLSv1.2,Application Data,1
361,"2025-06-04 06:50:40,860170",Asus.local,20.195.84.16,2017,TLSv1.2,Application Data,0
362,"2025-06-04 06:50:40,876953",Asus.local,224.77.77.77,155,UDP,63661  >  12177 Len=113,1
363,"2025-06-04 06:50:40,891980",20.195.84.16,Asus.local,93,TLSv1.2,Application Data,1
364,"2025-06-04 06:50:40,891980",20.195.84.16,Asus.local,56,TCP,https(443)  >  65288 [ACK] Seq=549 Ack=4031 Win=4834 Len=0,1
365,"2025-06-04 06:50:40,938167",Asus.local,20.195.84.16,54,TCP,65288  >  https(443) [ACK] Seq=4031 Ack=549 Win=250 Len=0,1
366,"2025-06-04 06:50:41,908868",lb-140-82-114-25-iad.github.com,Asus.local,80,TLSv1.2,Application Data,1
367,"2025-06-04 06:50:41,909095",Asus.local,lb-140-82-114-25-iad.github.com,84,TLSv1.2,Ignored Unknown Record,1
368,"2025-06-04 06:50:42,012970",Asus.local,2603:1040:603:c::115,126,TLSv1.2,Application Data,1
369,"2025-06-04 06:50:42,108495",2603:1040:603:c::115,Asus.local,115,TLSv1.2,Application Data,1
370,"2025-06-04 06:50:42,143288",Asus.local,2600:1901:1:a8::,117,TLSv1.2,Application Data,1
371,"2025-06-04 06:50:42,154003",Asus.local,2603:1040:603:c::115,74,TCP,60677  >  https(443) [ACK] Seq=53 Ack=42 Win=507 Len=0,1
372,"2025-06-04 06:50:42,162510",2600:1901:1:a8::,Asus.local,74,TCP,https(443)  >  61029 [ACK] Seq=1 Ack=44 Win=1046 Len=0,1
373,"2025-06-04 06:50:42,175053",lb-140-82-114-25-iad.github.com,Asus.local,56,TCP,https(443)  >  49881 [ACK] Seq=27 Ack=32 Win=74 Len=0,1
374,"2025-06-04 06:50:42,221166",2600:1901:1:a8::,Asus.local,114,TLSv1.2,Application Data,1
375,"2025-06-04 06:50:42,264621",Asus.local,2600:1901:1:a8::,74,TCP,61029  >  https(443) [ACK] Seq=44 Ack=41 Win=507 Len=0,1
376,"2025-06-04 06:50:42,344379",Asus.local,180.250.245.142,143,DNS,Standard query 0xb1cc PTR 5.1.1.0.0.0.0.0.0.0.0.0.0.0.0.0.c.0.0.0.3.0.6.0.0.4.0.1.3.0.6.2.ip6.arpa OPT,1
377,"2025-06-04 06:50:42,402199",180.250.245.142,Asus.local,229,DNS,Standard query response 0xb1cc No such name PTR 5.1.1.0.0.0.0.0.0.0.0.0.0.0.0.0.c.0.0.0.3.0.6.0.0.4.0.1.3.0.6.2.ip6.arpa SOA ns1-08.azure-dns.com OPT,1
378,"2025-06-04 06:50:42,886520",Asus.local,2606:4700:20::ac43:4b27,86,TCP,[TCP Retransmission] 50550  >  https(443) [SYN] Seq=0 Win=65535 Len=0 MSS=1440 WS=256 SACK_PERM,1
379,"2025-06-04 06:50:42,887509",Asus.local,224.77.77.77,155,UDP,63661  >  12177 Len=113,1
380,"2025-06-04 06:50:43,340637",Asus.local,180.250.245.142,143,DNS,Standard query 0x719b PTR 0.0.0.0.0.0.0.0.0.0.0.0.0.0.0.0.8.a.0.0.1.0.0.0.1.0.9.1.0.0.6.2.ip6.arpa OPT,1
381,"2025-06-04 06:50:44,215121",Asus.local,40.79.173.40,55,TCP,50521  >  https(443) [ACK] Seq=1 Ack=1 Win=254 Len=1,1
382,"2025-06-04 06:50:44,270471",180.250.245.142,Asus.local,239,DNS,Standard query response 0x719b No such name PTR 0.0.0.0.0.0.0.0.0.0.0.0.0.0.0.0.8.a.0.0.1.0.0.0.1.0.9.1.0.0.6.2.ip6.arpa SOA ns-gce-public1.googledomains.com OPT,1
383,"2025-06-04 06:50:44,332346",40.79.173.40,Asus.local,66,TCP,https(443)  >  50521 [ACK] Seq=1 Ack=2 Win=16385 Len=0 SLE=1 SRE=2,1
384,"2025-06-04 06:50:44,898425",Asus.local,224.77.77.77,155,UDP,63661  >  12177 Len=113,1
385,"2025-06-04 06:50:45,349414",Asus.local,180.250.245.142,96,DNS,Standard query 0x3169 PTR 40.173.79.40.in-addr.arpa OPT,1
